{
    "records": {
        "pageNumber": 1,
        "pageSize": 500,
        "totalRecords": 6
    },
    "payments": [
        {
            "amount": 100.00,
            "id": "idHere-4",
            "payeeId": "payeeId-3",
            "reference": "Reference Payment",
            "walletId": "walletId-3",
            "schedule": {
                "frequency": "ONCE",
                "startDate": "2022-09-18"
            }
        },
        {
            "amount": 10.22,
            "id": "idHere-3",
            "payeeId": "payeeId-3",
            "reference": "reference-3",
            "walletId": "walletId-3",
            "schedule": {
                "frequency": "ONCE",
                "startDate": "2023-01-23"
            }
        },
        {
            "amount": 123.33,
            "id": "idHere-1",
            "payeeId": "payeeId-1",
            "reference": "reference-1",
            "schedule": {
                "endDate": "2030-03-18",
                "frequency": "ANNUALLY",
                "startDate": "2021-01-18"
            },
            "walletId": "walletId-1"
        },
        {
            "amount": 32.33,
            "id": "idHere-2",
            "payeeId": "payeeId-2",
            "reference": "reference-2",
            "schedule": {
                "endDate": "2030-03-18",
                "frequency": "QUARTERLY",
                "startDate": "2021-02-18"
            },
            "walletId": "walletId-2"
        },
        {
            "amount": 32.33,
            "id": "idHere-2",
            "payeeId": "payeeId-2",
            "reference": "reference-2",
            "schedule": {
                "endDate": "2030-03-18",
                "frequency": "MONTHLY",
                "startDate": "2021-02-18"
            },
            "walletId": "walletId-2"
        },
        {
            "amount": 32.33,
            "id": "idHere-2",
            "payeeId": "payeeId-2",
            "reference": "reference-2",
            "schedule": {
                "endDate": "2030-03-18",
                "frequency": "TWO_WEEKLY",
                "startDate": "2021-02-18"
            },
            "walletId": "walletId-2"
        },
        {
            "amount": 32.33,
            "id": "idHere-2",
            "payeeId": "payeeId-2",
            "reference": "reference-2",
            "schedule": {
                "endDate": "2030-03-18",
                "frequency": "WEEKLY",
                "startDate": "2021-03-18"
            },
            "walletId": "walletId-2"
        },
        {
            "amount": 10.22,
            "id": "idHere-3",
            "payeeId": "payeeId-3",
            "reference": "reference-3",
            "schedule": {
                "endDate": "2030-03-18",
                "frequency": "DAILY",
                "startDate": "2021-04-18"
            },
            "walletId": "walletId-3"
        }
    ]
}