{
  "records": {
    "totalRecords": 13,
    "pageNumber": 1,
    "pageSize": 100
  },
  "directDebitMandates": [
    {
      "mandateId": "9f281178-348f-4364-bfe0-e591e05a6f23",
      "walletId": "75048625-b566-46c5-9df0-bd1dbb6d41e6",
      "payerName": "TESTDNAME",
      "reference": "NEWTEST12",
      "serviceUserNumber": "124601",
      "originatorName": "DEVTEST",
      "state": "ACTIVE",
      "createdAt": "2022-04-07T08:57:08",
      "lastRequestedPayment": {
        "date": "2022-04-07T08:59:27",
        "amount": 0.5
      }
    },
    {
      "mandateId": "0fd9890b-7da0-428d-a09d-da8c50b7595a",
      "walletId": "75048625-b566-46c5-9df0-bd1dbb6d41e6",
      "payerName": "TESTDNAME",
      "reference": "RESPTEST",
      "serviceUserNumber": "124597",
      "originatorName": "DEVTEST",
      "state": "ACTIVE",
      "createdAt": "2022-04-04T08:53:06",
      "lastRequestedPayment": {
        "date": "2022-04-04T08:56:19",
        "amount": 1.0
      }
    },
    {
      "mandateId": "60f21211-895f-4e86-8d08-f61cc6747a68",
      "walletId": "75048625-b566-46c5-9df0-bd1dbb6d41e6",
      "payerName": "DEVACC",
      "reference": "INFAILED2",
      "serviceUserNumber": "124536",
      "originatorName": "DEVTEST",
      "state": "ACTIVE",
      "createdAt": "2022-04-12T14:16:41",
      "lastRequestedPayment": null
    },
    {
      "mandateId": "6339c800-cc8d-4253-85d2-467e34246c18",
      "walletId": "75048625-b566-46c5-9df0-bd1dbb6d41e6",
      "payerName": "DEVACC",
      "reference": "NEWREF2",
      "serviceUserNumber": "124533",
      "originatorName": "DEVTEST",
      "state": "ACTIVE",
      "createdAt": "2022-04-12T14:16:41",
      "lastRequestedPayment": null
    },
    {
      "mandateId": "23b01dbf-0ddf-4386-8bfe-e04c6fe60dac",
      "walletId": "75048625-b566-46c5-9df0-bd1dbb6d41e6",
      "payerName": "DEVACC",
      "reference": "NEWREF",
      "serviceUserNumber": "124532",
      "originatorName": "DEVTEST",
      "state": "ACTIVE",
      "createdAt": "2022-04-12T14:16:41",
      "lastRequestedPayment": null
    },
    {
      "mandateId": "7fa3bdbf-3ac7-4cc8-865a-b8c98abbc439",
      "walletId": "75048625-b566-46c5-9df0-bd1dbb6d41e6",
      "payerName": "DEVACC",
      "reference": "TESTNEW",
      "serviceUserNumber": "124530",
      "originatorName": "DEVTEST",
      "state": "ACTIVE",
      "createdAt": "2022-04-12T14:16:41",
      "lastRequestedPayment": null
    },
    {
      "mandateId": "aa6ed236-23ce-4352-800b-781c273fa14c",
      "walletId": "75048625-b566-46c5-9df0-bd1dbb6d41e6",
      "payerName": "DEVACC",
      "reference": "DATETEST",
      "serviceUserNumber": "124529",
      "originatorName": "DEVTEST",
      "state": "ACTIVE",
      "createdAt": "2022-04-12T14:16:41",
      "lastRequestedPayment": null
    },
    {
      "mandateId": "745212eb-a7f1-4234-bd17-4c138ffa3c56",
      "walletId": "75048625-b566-46c5-9df0-bd1dbb6d41e6",
      "payerName": "DEVACC",
      "reference": "TEXTREF",
      "serviceUserNumber": "124526",
      "originatorName": "DEVTEST",
      "state": "ACTIVE",
      "createdAt": "2022-04-12T14:16:41",
      "lastRequestedPayment": null
    },
    {
      "mandateId": "1961dffe-fbd8-4d06-aec7-1d1d8511ba01",
      "walletId": "75048625-b566-46c5-9df0-bd1dbb6d41e6",
      "payerName": "DEVACC",
      "reference": "REFERTEST",
      "serviceUserNumber": "124525",
      "originatorName": "DEVTEST",
      "state": "ACTIVE",
      "createdAt": "2022-04-12T14:16:41",
      "lastRequestedPayment": null
    },
    {
      "mandateId": "741505ea-56cb-4478-a63b-e118873b0066",
      "walletId": "75048625-b566-46c5-9df0-bd1dbb6d41e6",
      "payerName": "DEVACC",
      "reference": "TESTREF1",
      "serviceUserNumber": "124515",
      "originatorName": "DEVTEST",
      "state": "ACTIVE",
      "createdAt": "2022-04-12T14:16:41",
      "lastRequestedPayment": null
    },
    {
      "mandateId": "4ab34f4f-fc22-4795-aa7f-e8dfc7231fdc",
      "walletId": "75048625-b566-46c5-9df0-bd1dbb6d41e6",
      "payerName": "TESTDNAME",
      "reference": "NEWTEST",
      "serviceUserNumber": "124590",
      "originatorName": "TESTNAME",
      "state": "ACTIVE",
      "createdAt": "2022-03-29T15:47:07",
      "lastRequestedPayment": null
    },
    {
      "mandateId": "d462cda5-1650-4985-ab28-80ad31535a5c",
      "walletId": "75048625-b566-46c5-9df0-bd1dbb6d41e6",
      "payerName": "DEVACC",
      "reference": "DIREC",
      "serviceUserNumber": "124571",
      "originatorName": "DEVTEST",
      "state": "ACTIVE",
      "createdAt": "2022-03-22T16:06:05",
      "lastRequestedPayment": null
    },
    {
      "mandateId": "5f6ff56e-7232-40df-a120-810b6f40984a",
      "walletId": "75048625-b566-46c5-9df0-bd1dbb6d41e6",
      "payerName": "DEVACC",
      "reference": "JGSLBSYB",
      "serviceUserNumber": "124550",
      "originatorName": "DEVTEST",
      "state": "ACTIVE",
      "createdAt": "2022-03-17T18:10:03",
      "lastRequestedPayment": null
    }
  ]
}