{
    "records": {
        "totalRecords": 20,
        "pageNumber": 2,
        "pageSize": 10
    },
    "payees": [
        {
            "id": "pg2-17a4c90d-c98e-413b-aa5f-808ba2c40555",
            "name": "Jimmy Larry",
            "accountNumber": "00378894",
            "sortCode": "110739",
            "reference": "Buckinghamshire Cedi"
        },
        {
            "id": "pg2-cb47b24d-a147-4c9f-bb1b-ee8eff0c3f21",
            "name": "Sally Billings",
            "accountNumber": "00378894",
            "sortCode": "110739",
            "reference": "Executive Representative"
        },
        {
            "id": "pg2-17a4c90d-c98e-413b-aa5f-808ba2c40555",
            "name": "Mary Larry",
            "accountNumber": "00378894",
            "sortCode": "110739",
            "reference": "Buckinghamshire Cedi"
        },
        {
            "id": "pg2-cb47b24d-a147-4c9f-bb1b-ee8eff0c3f21",
            "name": "Dave Billings",
            "accountNumber": "00378894",
            "sortCode": "110739",
            "reference": "Executive Representative"
        },
        {
            "id": "pg2-17a4c90d-c98e-413b-aa5f-808ba2c40555",
            "name": "Peter Dink",
            "accountNumber": "00378894",
            "sortCode": "110739",
            "reference": "Buckinghamshire Cedi"
        },
        {
            "id": "pg2-cb47b24d-a147-4c9f-bb1b-ee8eff0c3f21",
            "name": "Gareth Neville",
            "accountNumber": "00378894",
            "sortCode": "110739",
            "reference": "Executive Representative"
        },
        {
            "id": "pg2-17a4c90d-c98e-413b-aa5f-808ba2c40555",
            "name": "Elizabeth Peterson",
            "accountNumber": "00378894",
            "sortCode": "110739",
            "reference": "Buckinghamshire Cedi"
        },
        {
            "id": "pg2-cb47b24d-a147-4c9f-bb1b-ee8eff0c3f21",
            "name": "Gertrude Houghton",
            "accountNumber": "00378894",
            "sortCode": "110739",
            "reference": "Executive Representative"
        },
        {
            "id": "pg2-17a4c90d-c98e-413b-aa5f-808ba2c40555",
            "name": "Winston Cathy",
            "accountNumber": "00378894",
            "sortCode": "110739",
            "reference": "Buckinghamshire Cedi"
        },
        {
            "id": "pg2-cb47b24d-a147-4c9f-bb1b-ee8eff0c3f21",
            "name": "Herman Deutsche",
            "accountNumber": "00378894",
            "sortCode": "110739",
            "reference": "Executive Representative"
        }
    ]
}