{
	"transactions": [
		{
		"amount": 10.00,
		"transactionId": "4b103859-6471-407e-be48-cec7b065fd8f",
		"transactionReference": "E-Comm Merchant LONDON GB",
		"transactionType": "DOMESTIC_POS",
		"balance": 38788.35,
		"availableBalance": 38788.19,
		"debitCreditCode": "DBIT",
		"transactionTypeClient": "",
		"transactionTimestamp": "2021-09-30T12:30:01.000+00:00",
		"iconType": "FIRST_INITIAL",
		"conversion": {
			"amount": 10.8,
			"currencyCode": "AED",
			"rate": "0.30"
		},
		"scheduled": true
	}, {
		"amount": 25.00,
		"transactionId": "c84dad32-2563-46f9-a2bc-fc3cff62b2b0",
		"transactionReference": "MOTO Merchant GB",
		"transactionType": "DOMESTIC_POS",
		"balance": 38798.35,
		"availableBalance": 38798.19,
		"debitCreditCode": "DBIT",
		"transactionTypeClient": "",
		"iconType": "BANK",
		"transactionTimestamp": "2021-09-30T12:07:12.000+00:00"
	}, {
		"amount": 13.00,
		"transactionId": "fcc33425-f6f8-4779-a004-78ddff2654bd",
		"transactionReference": "E-Comm Merchant LONDON GB",
		"transactionType": "INTEREST_CHARGED",
		"balance": 38823.35,
		"availableBalance": 38798.19,
		"debitCreditCode": "DBIT",
		"transactionTypeClient": "",
		"iconType": "PLUS",
		"transactionTimestamp": "2021-09-30T12:06:13.000+00:00"
	}, {
		"amount": 30.00,
		"transactionId": "8bdbbeab-fcf9-4f5d-abf5-535206697041",
		"transactionReference": "E-Comm Merchant LONDON GB",
		"transactionType": "AD_HOC_FEE",
		"subTransactionType":"FEE_OVERDRAFT_ARRANGEMENT",
		"balance": 38836.35,
		"availableBalance": 38836.19,
		"debitCreditCode": "DBIT",
		"transactionTypeClient": "",
		"iconType": "minus",
		"transactionTimestamp": "2021-09-27T14:59:47.000+00:00"
	}, {
		"amount": 20.00,
		"transactionId": "3a2d1c15-cdc2-4a91-9166-6be584bde2b3",
		"transactionReference": "MOTO Merchant GB",
		"transactionType": "DOMESTIC_POS",
		"balance": 38866.35,
		"availableBalance": 38836.19,
		"debitCreditCode": "DBIT",
		"transactionTypeClient": "",
		"iconType": "CARD",
		"transactionTimestamp": "2021-09-27T14:58:47.000+00:00"
	}, {
		"amount": 0.15,
		"transactionId": "66dfe8e6-ec7f-4925-8cbd-9c3b1e289bd2",
		"transactionReference": "RefValid",
		"transactionType": "FPS_OUTBOUND_PAYMENT_FEE",
		"balance": 38886.35,
		"availableBalance": 38886.19,
		"debitCreditCode": "DBIT",
		"transactionTypeClient": "",
		"iconType": "CASH",
		"transactionTimestamp": "2021-09-24T15:02:34.000+00:00"
	}, {
		"amount": 0.50,
		"transactionId": "c4f2ec5d-5d92-4e1e-b181-fbba5151bb5c",
		"transactionReference": "RefValid",
		"transactionType": "FPS_OUTBOUND_PAYMENT",
		"balance": 38886.35,
		"availableBalance": 38886.19,
		"debitCreditCode": "DBIT",
		"transactionTypeClient": "",
		"creditorName": "BCA C111",
		"iconType": "PRESENT",
		"transactionTimestamp": "2021-09-24T15:02:34.000+00:00",
		"fees": [{
			"charge": {
				"percentage": 0,
				"description": "FPS Outbound Fee",
				"fixedAmount": 0.15,
				"currency": "GBP"
			},
			"transactionId": "66dfe8e6-ec7f-4925-8cbd-9c3b1e289bd2",
			"totalFeeCharged": 0.15,
			"currency": "GBP"
		}]
	}, {
		"amount": 0.15,
		"transactionId": "44dfd0b7-360d-45f4-ab07-3bd46309591e",
		"transactionReference": "RefValid",
		"transactionType": "FPS_OUTBOUND_PAYMENT_FEE",
		"balance": 38887.00,
		"availableBalance": 38886.84,
		"debitCreditCode": "DBIT",
		"iconType": "CARD_BACKWARDS_ARROW",
		"transactionTypeClient": "",
		"transactionTimestamp": "2021-09-24T07:19:23.000+00:00"
	}, {
		"amount": 0.50,
		"transactionId": "3ac32160-ff8b-4974-bccb-40007647fa1f",
		"transactionReference": "RefValid",
		"transactionType": "FPS_OUTBOUND_PAYMENT",
		"balance": 38887.00,
		"availableBalance": 38886.84,
		"debitCreditCode": "DBIT",
		"transactionTypeClient": "",
		"creditorName": "BCA C111",
		"transactionTimestamp": "2021-09-24T07:19:23.000+00:00",
		"fees": [{
			"charge": {
				"percentage": 0,
				"description": "FPS Outbound Fee",
				"fixedAmount": 0.15,
				"currency": "GBP"
			},
			"transactionId": "44dfd0b7-360d-45f4-ab07-3bd46309591e",
			"totalFeeCharged": 0.15,
			"currency": "GBP"
		}]
	}, {
		"amount": 0.15,
		"transactionId": "542ddd01-c397-4974-8a3e-ba93d3cbaf17",
		"transactionReference": "RefValid",
		"transactionType": "FPS_OUTBOUND_PAYMENT_FEE",
		"balance": 38887.65,
		"availableBalance": 38887.49,
		"debitCreditCode": "DBIT",
		"transactionTypeClient": "",
		"transactionTimestamp": "2021-09-23T15:59:51.000+00:00"
	}, {
		"amount": 0.50,
		"transactionId": "dff6332c-d713-4ece-b136-8d7689ba0970",
		"transactionReference": "RefValid",
		"transactionType": "FPS_OUTBOUND_PAYMENT",
		"balance": 38887.65,
		"availableBalance": 38887.49,
		"debitCreditCode": "DBIT",
		"transactionTypeClient": "",
		"creditorName": "BCA C111",
		"transactionTimestamp": "2021-09-23T15:59:51.000+00:00",
		"fees": [{
			"charge": {
				"percentage": 0,
				"description": "FPS Outbound Fee",
				"fixedAmount": 0.15,
				"currency": "GBP"
			},
			"transactionId": "542ddd01-c397-4974-8a3e-ba93d3cbaf17",
			"totalFeeCharged": 0.15,
			"currency": "GBP"
		}]
	}, {
		"amount": 0.15,
		"transactionId": "d53cd3be-e398-48a9-b35f-b79bccb1f349",
		"transactionReference": "RefValid",
		"transactionType": "FPS_OUTBOUND_PAYMENT_FEE",
		"balance": 38888.30,
		"availableBalance": 38888.14,
		"debitCreditCode": "DBIT",
		"transactionTypeClient": "",
		"transactionTimestamp": "2021-09-23T15:42:32.000+00:00"
	}, {
		"amount": 0.50,
		"transactionId": "0e6a3601-5c8b-4ccf-98cd-c53c0f5cb70a",
		"transactionReference": "RefValid",
		"transactionType": "FPS_OUTBOUND_PAYMENT",
		"balance": 38888.30,
		"availableBalance": 38888.14,
		"debitCreditCode": "DBIT",
		"transactionTypeClient": "",
		"creditorName": "BCA C111",
		"transactionTimestamp": "2021-09-23T15:42:32.000+00:00",
		"fees": [{
			"charge": {
				"percentage": 0,
				"description": "FPS Outbound Fee",
				"fixedAmount": 0.15,
				"currency": "GBP"
			},
			"transactionId": "d53cd3be-e398-48a9-b35f-b79bccb1f349",
			"totalFeeCharged": 0.15,
			"currency": "GBP"
		}]
	}, {
		"amount": 0.15,
		"transactionId": "bb12a476-dc24-4ddf-9111-38cc67de6ebc",
		"transactionReference": "RefValid",
		"transactionType": "FPS_OUTBOUND_PAYMENT_FEE",
		"balance": 38888.95,
		"availableBalance": 38888.79,
		"debitCreditCode": "DBIT",
		"transactionTypeClient": "",
		"transactionTimestamp": "2021-09-23T15:01:14.000+00:00"
	}, {
		"amount": 0.50,
		"transactionId": "9f6c1cba-60a9-46c4-92f8-29ab5d1a7df1",
		"transactionReference": "RefValid",
		"transactionType": "FPS_OUTBOUND_PAYMENT",
		"balance": 38888.95,
		"availableBalance": 38888.79,
		"debitCreditCode": "DBIT",
		"transactionTypeClient": "",
		"creditorName": "BCA C111",
		"transactionTimestamp": "2021-09-23T15:01:14.000+00:00",
		"fees": [{
			"charge": {
				"percentage": 0,
				"description": "FPS Outbound Fee",
				"fixedAmount": 0.15,
				"currency": "GBP"
			},
			"transactionId": "bb12a476-dc24-4ddf-9111-38cc67de6ebc",
			"totalFeeCharged": 0.15,
			"currency": "GBP"
		}]
	}, {
		"amount": 0.15,
		"transactionId": "d3366aa7-dad5-4092-abdd-22009f79545a",
		"transactionReference": "RefValid",
		"transactionType": "FPS_OUTBOUND_PAYMENT_FEE",
		"balance": 38889.60,
		"availableBalance": 38889.44,
		"debitCreditCode": "DBIT",
		"transactionTypeClient": "",
		"transactionTimestamp": "2021-09-23T13:04:10.000+00:00"
	}, {
		"amount": 0.50,
		"transactionId": "43119874-92a8-4c41-b2af-62e214d587eb",
		"transactionReference": "RefValid",
		"transactionType": "FPS_OUTBOUND_PAYMENT",
		"balance": 38889.60,
		"availableBalance": 38889.44,
		"debitCreditCode": "DBIT",
		"transactionTypeClient": "",
		"creditorName": "BCA C111",
		"transactionTimestamp": "2021-09-23T13:04:10.000+00:00",
		"fees": [{
			"charge": {
				"percentage": 0,
				"description": "FPS Outbound Fee",
				"fixedAmount": 0.15,
				"currency": "GBP"
			},
			"transactionId": "d3366aa7-dad5-4092-abdd-22009f79545a",
			"totalFeeCharged": 0.15,
			"currency": "GBP"
		}]
	}, {
		"amount": 0.15,
		"transactionId": "867b0952-0374-43d2-8234-66ea59395143",
		"transactionReference": "RefValid",
		"transactionType": "FPS_OUTBOUND_PAYMENT_FEE",
		"balance": 38890.25,
		"availableBalance": 38890.09,
		"debitCreditCode": "DBIT",
		"transactionTypeClient": "",
		"transactionTimestamp": "2021-09-23T12:39:55.000+00:00"
	}, {
		"amount": 0.50,
		"transactionId": "e6708c10-d3ce-41c7-b1e3-8c6342516c1f",
		"transactionReference": "RefValid",
		"transactionType": "FPS_OUTBOUND_PAYMENT",
		"balance": 38890.25,
		"availableBalance": 38890.09,
		"debitCreditCode": "DBIT",
		"transactionTypeClient": "",
		"creditorName": "BCA C111",
		"transactionTimestamp": "2021-09-23T12:39:55.000+00:00",
		"fees": [{
			"charge": {
				"percentage": 0,
				"description": "FPS Outbound Fee",
				"fixedAmount": 0.15,
				"currency": "GBP"
			},
			"transactionId": "867b0952-0374-43d2-8234-66ea59395143",
			"totalFeeCharged": 0.15,
			"currency": "GBP"
		}]
	}, {
		"amount": 0.15,
		"transactionId": "86aa21bf-1d31-4ddc-bb78-fda3acc5594a",
		"transactionReference": "RefValid",
		"transactionType": "FPS_OUTBOUND_PAYMENT_FEE",
		"balance": 38890.90,
		"availableBalance": 38890.74,
		"debitCreditCode": "DBIT",
		"transactionTypeClient": "",
		"transactionTimestamp": "2021-09-23T12:14:21.000+00:00"
	}, {
		"amount": 0.50,
		"transactionId": "703966ac-9ead-447f-8520-39c401c098a6",
		"transactionReference": "RefValid",
		"transactionType": "FPS_OUTBOUND_PAYMENT",
		"balance": 38890.90,
		"availableBalance": 38890.74,
		"debitCreditCode": "DBIT",
		"transactionTypeClient": "",
		"creditorName": "BCA C111",
		"transactionTimestamp": "2021-09-23T12:14:21.000+00:00",
		"fees": [{
			"charge": {
				"percentage": 0,
				"description": "FPS Outbound Fee",
				"fixedAmount": 0.15,
				"currency": "GBP"
			},
			"transactionId": "86aa21bf-1d31-4ddc-bb78-fda3acc5594a",
			"totalFeeCharged": 0.15,
			"currency": "GBP"
		}]
	}, {
		"amount": 20.00,
		"transactionId": "395c1dda-9b8d-400b-ab23-5a2b527b10f0",
		"transactionReference": "E-Comm Merchant LONDON GB",
		"transactionType": "DOMESTIC_POS",
		"balance": 38891.55,
		"availableBalance": 38891.39,
		"debitCreditCode": "DBIT",
		"transactionTypeClient": "",
		"transactionTimestamp": "2021-09-23T12:11:41.000+00:00"
	}, {
		"amount": 0.15,
		"transactionId": "06ca2f13-1361-4250-85ee-578da5826346",
		"transactionReference": "RefValid",
		"transactionType": "FPS_OUTBOUND_PAYMENT_FEE",
		"balance": 38911.55,
		"availableBalance": 38911.39,
		"debitCreditCode": "DBIT",
		"transactionTypeClient": "",
		"transactionTimestamp": "2021-09-23T11:09:11.000+00:00"
	}, {
		"amount": 0.50,
		"transactionId": "2f681ef9-4c59-4d50-be52-813e93f79c10",
		"transactionReference": "RefValid",
		"transactionType": "FPS_OUTBOUND_PAYMENT",
		"balance": 38911.55,
		"availableBalance": 38911.39,
		"debitCreditCode": "DBIT",
		"transactionTypeClient": "",
		"creditorName": "BCA C111",
		"transactionTimestamp": "2021-09-23T11:09:11.000+00:00",
		"fees": [{
			"charge": {
				"percentage": 0,
				"description": "FPS Outbound Fee",
				"fixedAmount": 0.15,
				"currency": "GBP"
			},
			"transactionId": "06ca2f13-1361-4250-85ee-578da5826346",
			"totalFeeCharged": 0.15,
			"currency": "GBP"
		}]
	}, {
		"amount": 0.15,
		"transactionId": "6786a1a9-0fad-4552-97d2-969fe2a7bf60",
		"transactionReference": "RefValid",
		"transactionType": "FPS_OUTBOUND_PAYMENT_FEE",
		"balance": 38912.20,
		"availableBalance": 38912.04,
		"debitCreditCode": "DBIT",
		"transactionTypeClient": "",
		"transactionTimestamp": "2021-09-23T10:53:45.000+00:00"
	}, {
		"amount": 0.50,
		"transactionId": "af112b08-3e55-4503-85f7-d887d1dcb1d8",
		"transactionReference": "RefValid",
		"transactionType": "FPS_OUTBOUND_PAYMENT",
		"balance": 38912.20,
		"availableBalance": 38912.04,
		"debitCreditCode": "DBIT",
		"transactionTypeClient": "",
		"creditorName": "BCA C111",
		"transactionTimestamp": "2021-09-23T10:53:45.000+00:00",
		"fees": [{
			"charge": {
				"percentage": 0,
				"description": "FPS Outbound Fee",
				"fixedAmount": 0.15,
				"currency": "GBP"
			},
			"transactionId": "6786a1a9-0fad-4552-97d2-969fe2a7bf60",
			"totalFeeCharged": 0.15,
			"currency": "GBP"
		}]
	}, {
		"amount": 0.15,
		"transactionId": "ec3149de-8667-4d9a-abdb-5f9d71f76bf4",
		"transactionReference": "RefValid",
		"transactionType": "FPS_OUTBOUND_PAYMENT_FEE",
		"balance": 38912.85,
		"availableBalance": 38912.69,
		"debitCreditCode": "DBIT",
		"transactionTypeClient": "",
		"transactionTimestamp": "2021-09-23T10:51:25.000+00:00"
	}, {
		"amount": 0.50,
		"transactionId": "815f22a5-5c09-4e24-9024-4c68147c584f",
		"transactionReference": "RefValid",
		"transactionType": "FPS_OUTBOUND_PAYMENT",
		"balance": 38912.85,
		"availableBalance": 38912.69,
		"debitCreditCode": "DBIT",
		"transactionTypeClient": "",
		"creditorName": "BCA C111",
		"transactionTimestamp": "2021-09-23T10:51:25.000+00:00",
		"fees": [{
			"charge": {
				"percentage": 0,
				"description": "FPS Outbound Fee",
				"fixedAmount": 0.15,
				"currency": "GBP"
			},
			"transactionId": "ec3149de-8667-4d9a-abdb-5f9d71f76bf4",
			"totalFeeCharged": 0.15,
			"currency": "GBP"
		}]
	}, {
		"amount": 0.15,
		"transactionId": "71c1ec0c-626d-4d47-90c1-e13ffd084317",
		"transactionReference": "RefValid",
		"transactionType": "FPS_OUTBOUND_PAYMENT_FEE",
		"balance": 38913.50,
		"availableBalance": 38913.34,
		"debitCreditCode": "DBIT",
		"transactionTypeClient": "",
		"transactionTimestamp": "2021-09-23T08:11:55.000+00:00"
	}, {
		"amount": 0.50,
		"transactionId": "a8e746e1-8a60-4042-8a20-12b53548388c",
		"transactionReference": "RefValid",
		"transactionType": "FPS_OUTBOUND_PAYMENT",
		"balance": 38913.50,
		"availableBalance": 38913.34,
		"debitCreditCode": "DBIT",
		"transactionTypeClient": "",
		"creditorName": "BCA C111",
		"transactionTimestamp": "2021-09-23T08:11:55.000+00:00",
		"fees": [{
			"charge": {
				"percentage": 0,
				"description": "FPS Outbound Fee",
				"fixedAmount": 0.15,
				"currency": "GBP"
			},
			"transactionId": "71c1ec0c-626d-4d47-90c1-e13ffd084317",
			"totalFeeCharged": 0.15,
			"currency": "GBP"
		}]
	}, {
		"amount": 0.01,
		"transactionId": "66e4c5bb-89f3-4199-bcca-516f5c630e6e",
		"transactionReference": "RefValid",
		"transactionType": "TRANSFER_INBOUND_PAYMENT",
		"balance": 38914.15,
		"availableBalance": 38913.99,
		"debitCreditCode": "CRDT",
		"transactionTypeClient": "",
		"counterpartyName": "OCTOBER DRIFT LTD",
		"transactionTimestamp": "2021-09-23T07:16:51.000+00:00"
	}, {
		"amount": 0.15,
		"transactionId": "f2fe1303-79e2-473a-87a8-5d62994a73bc",
		"transactionReference": "RefValid",
		"transactionType": "FPS_OUTBOUND_PAYMENT_FEE",
		"balance": 38914.14,
		"availableBalance": 38913.98,
		"debitCreditCode": "DBIT",
		"transactionTypeClient": "",
		"transactionTimestamp": "2021-09-23T07:16:44.000+00:00"
	}, {
		"amount": 0.50,
		"transactionId": "1d43b32b-5868-4857-98a3-3f6a589b9966",
		"transactionReference": "RefValid",
		"transactionType": "FPS_OUTBOUND_PAYMENT",
		"balance": 38914.14,
		"availableBalance": 38913.98,
		"debitCreditCode": "DBIT",
		"transactionTypeClient": "",
		"creditorName": "BCA C111",
		"transactionTimestamp": "2021-09-23T07:16:44.000+00:00",
		"fees": [{
			"charge": {
				"percentage": 0,
				"description": "FPS Outbound Fee",
				"fixedAmount": 0.15,
				"currency": "GBP"
			},
			"transactionId": "f2fe1303-79e2-473a-87a8-5d62994a73bc",
			"totalFeeCharged": 0.15,
			"currency": "GBP"
		}]
	}, {
		"amount": 0.15,
		"transactionId": "9bfa955c-f976-459c-8712-6d70671db8b7",
		"transactionReference": "RefValid",
		"transactionType": "FPS_OUTBOUND_PAYMENT_FEE",
		"balance": 38914.79,
		"availableBalance": 38914.63,
		"debitCreditCode": "DBIT",
		"transactionTypeClient": "",
		"transactionTimestamp": "2021-09-23T07:15:01.000+00:00"
	}, {
		"amount": 0.50,
		"transactionId": "36532398-6cb2-4ea1-bd3c-7e15996ceaeb",
		"transactionReference": "RefValid",
		"transactionType": "FPS_OUTBOUND_PAYMENT",
		"balance": 38914.79,
		"availableBalance": 38914.63,
		"debitCreditCode": "DBIT",
		"transactionTypeClient": "",
		"creditorName": "BCA C111",
		"transactionTimestamp": "2021-09-23T07:15:01.000+00:00",
		"fees": [{
			"charge": {
				"percentage": 0,
				"description": "FPS Outbound Fee",
				"fixedAmount": 0.15,
				"currency": "GBP"
			},
			"transactionId": "9bfa955c-f976-459c-8712-6d70671db8b7",
			"totalFeeCharged": 0.15,
			"currency": "GBP"
		}]
	}, {
		"amount": 0.15,
		"transactionId": "118fe879-614f-442e-9f38-939d6212b8d0",
		"transactionReference": "RefValid",
		"transactionType": "FPS_OUTBOUND_PAYMENT_FEE",
		"balance": 38915.44,
		"availableBalance": 38915.28,
		"debitCreditCode": "DBIT",
		"transactionTypeClient": "",
		"transactionTimestamp": "2021-09-22T15:00:59.000+00:00"
	}, {
		"amount": 0.50,
		"transactionId": "719307f8-ace4-4904-9b66-c0be9511cc27",
		"transactionReference": "RefValid",
		"transactionType": "FPS_OUTBOUND_PAYMENT",
		"balance": 38915.44,
		"availableBalance": 38915.28,
		"debitCreditCode": "DBIT",
		"transactionTypeClient": "",
		"creditorName": "BCA C111",
		"transactionTimestamp": "2021-09-22T15:00:59.000+00:00",
		"fees": [{
			"charge": {
				"percentage": 0,
				"description": "FPS Outbound Fee",
				"fixedAmount": 0.15,
				"currency": "GBP"
			},
			"transactionId": "118fe879-614f-442e-9f38-939d6212b8d0",
			"totalFeeCharged": 0.15,
			"currency": "GBP"
		}]
	}, {
		"amount": 30.00,
		"transactionId": "b87d2ac2-6de3-4d96-baf7-6f764bafb043",
		"transactionReference": "E-Comm Merchant LONDON GB",
		"transactionType": "DOMESTIC_POS",
		"balance": 38916.09,
		"availableBalance": 38915.93,
		"debitCreditCode": "DBIT",
		"transactionTypeClient": "",
		"transactionTimestamp": "2021-09-22T14:04:43.000+00:00"
	}, {
		"amount": 20.00,
		"transactionId": "538967d4-46e9-4909-820a-e601ba218340",
		"transactionReference": "E-Comm Merchant LONDON GB",
		"transactionType": "DOMESTIC_POS",
		"balance": 38946.09,
		"availableBalance": 38945.93,
		"debitCreditCode": "DBIT",
		"transactionTypeClient": "",
		"transactionTimestamp": "2021-09-22T13:55:37.000+00:00"
	}, {
		"amount": 500.00,
		"transactionId": "36cf9b5f-df6e-4738-bf26-91c29dda299d",
		"transactionReference": "E-Comm Merchant LONDON GB",
		"transactionType": "DOMESTIC_POS",
		"balance": 38966.09,
		"availableBalance": 38945.93,
		"debitCreditCode": "DBIT",
		"transactionTypeClient": "",
		"transactionTimestamp": "2021-09-22T13:53:47.000+00:00"
	}, {
		"amount": 0.01,
		"transactionId": "43bbec55-29e6-44f4-b03b-b878e617c31f",
		"transactionReference": "E-Comm Merchant LONDON GB",
		"transactionType": "DOMESTIC_POS",
		"balance": 39466.09,
		"availableBalance": 38945.93,
		"debitCreditCode": "DBIT",
		"transactionTypeClient": "",
		"transactionTimestamp": "2021-09-22T13:52:45.000+00:00"
	}, {
		"amount": 0.15,
		"transactionId": "7720e0f8-6c18-41c1-b65b-8fd90381e8d1",
		"transactionReference": "RefValid",
		"transactionType": "FPS_OUTBOUND_PAYMENT_FEE",
		"balance": 39466.10,
		"availableBalance": 38945.93,
		"debitCreditCode": "DBIT",
		"transactionTypeClient": "",
		"transactionTimestamp": "2021-09-22T13:50:42.000+00:00"
	}, {
		"amount": 0.50,
		"transactionId": "0527dcfd-894e-45c2-b9ac-b832c9514253",
		"transactionReference": "RefValid",
		"transactionType": "FPS_OUTBOUND_PAYMENT",
		"balance": 39466.10,
		"availableBalance": 38945.93,
		"debitCreditCode": "DBIT",
		"transactionTypeClient": "",
		"creditorName": "BCA C111",
		"transactionTimestamp": "2021-09-22T13:50:42.000+00:00",
		"fees": [{
			"charge": {
				"percentage": 0,
				"description": "FPS Outbound Fee",
				"fixedAmount": 0.15,
				"currency": "GBP"
			},
			"transactionId": "7720e0f8-6c18-41c1-b65b-8fd90381e8d1",
			"totalFeeCharged": 0.15,
			"currency": "GBP"
		}]
	}, {
		"amount": 0.15,
		"transactionId": "f8a16b91-58b5-4dd4-aac1-793147afd940",
		"transactionReference": "RefValid",
		"transactionType": "FPS_OUTBOUND_PAYMENT_FEE",
		"balance": 39466.75,
		"availableBalance": 38966.58,
		"debitCreditCode": "DBIT",
		"transactionTypeClient": "",
		"transactionTimestamp": "2021-09-22T13:29:45.000+00:00"
	}, {
		"amount": 0.50,
		"transactionId": "b12c240e-9e4f-497c-aefe-d0d621b99107",
		"transactionReference": "RefValid",
		"transactionType": "FPS_OUTBOUND_PAYMENT",
		"balance": 39466.75,
		"availableBalance": 38966.58,
		"debitCreditCode": "DBIT",
		"transactionTypeClient": "",
		"creditorName": "BCA C111",
		"transactionTimestamp": "2021-09-22T13:29:45.000+00:00",
		"fees": [{
			"charge": {
				"percentage": 0,
				"description": "FPS Outbound Fee",
				"fixedAmount": 0.15,
				"currency": "GBP"
			},
			"transactionId": "f8a16b91-58b5-4dd4-aac1-793147afd940",
			"totalFeeCharged": 0.15,
			"currency": "GBP"
		}]
	}, {
		"amount": 0.15,
		"transactionId": "54c00751-97bc-4212-bff4-993068c77576",
		"transactionReference": "RefValid",
		"transactionType": "FPS_OUTBOUND_PAYMENT_FEE",
		"balance": 39467.40,
		"availableBalance": 38967.23,
		"debitCreditCode": "DBIT",
		"transactionTypeClient": "",
		"transactionTimestamp": "2021-09-22T07:38:44.000+00:00"
	}, {
		"amount": 0.50,
		"transactionId": "ec219fa1-cc2b-42d1-88ae-46079d0de21b",
		"transactionReference": "RefValid",
		"transactionType": "FPS_OUTBOUND_PAYMENT",
		"balance": 39467.40,
		"availableBalance": 38967.23,
		"debitCreditCode": "DBIT",
		"transactionTypeClient": "",
		"creditorName": "BCA C111",
		"transactionTimestamp": "2021-09-22T07:38:44.000+00:00",
		"fees": [{
			"charge": {
				"percentage": 0,
				"description": "FPS Outbound Fee",
				"fixedAmount": 0.15,
				"currency": "GBP"
			},
			"transactionId": "54c00751-97bc-4212-bff4-993068c77576",
			"totalFeeCharged": 0.15,
			"currency": "GBP"
		}]
	}, {
		"amount": 0.15,
		"transactionId": "4703fecb-0d5b-465b-a031-d565e36818eb",
		"transactionReference": "RefValid",
		"transactionType": "FPS_OUTBOUND_PAYMENT_FEE",
		"balance": 39468.05,
		"availableBalance": 38967.88,
		"debitCreditCode": "DBIT",
		"transactionTypeClient": "",
		"transactionTimestamp": "2021-09-22T07:32:29.000+00:00"
	}, {
		"amount": 0.50,
		"transactionId": "bc56e0a3-ecb9-4243-a446-041e8e5e2227",
		"transactionReference": "RefValid",
		"transactionType": "FPS_OUTBOUND_PAYMENT",
		"balance": 39468.05,
		"availableBalance": 38967.88,
		"debitCreditCode": "DBIT",
		"transactionTypeClient": "",
		"creditorName": "BCA C111",
		"transactionTimestamp": "2021-09-22T07:32:29.000+00:00",
		"fees": [{
			"charge": {
				"percentage": 0,
				"description": "FPS Outbound Fee",
				"fixedAmount": 0.15,
				"currency": "GBP"
			},
			"transactionId": "4703fecb-0d5b-465b-a031-d565e36818eb",
			"totalFeeCharged": 0.15,
			"currency": "GBP"
		}]
	}, {
		"amount": 0.01,
		"transactionId": "b7c522db-3349-41dc-b659-9a2b3f1c222d",
		"transactionReference": "RefValid",
		"transactionType": "TRANSFER_INBOUND_PAYMENT",
		"balance": 39468.70,
		"availableBalance": 38968.53,
		"debitCreditCode": "CRDT",
		"transactionTypeClient": "",
		"counterpartyName": "OCTOBER DRIFT LTD",
		"transactionTimestamp": "2021-09-22T07:17:38.000+00:00"
	}, {
		"amount": 0.15,
		"transactionId": "47daf9f6-056c-4fc4-8b75-cac910b4b3de",
		"transactionReference": "RefValid",
		"transactionType": "FPS_OUTBOUND_PAYMENT_FEE",
		"balance": 39468.69,
		"availableBalance": 38968.52,
		"debitCreditCode": "DBIT",
		"transactionTypeClient": "",
		"transactionTimestamp": "2021-09-22T07:17:32.000+00:00"
	}, {
		"amount": 0.50,
		"transactionId": "4da8cf23-7851-4460-92cd-27401110abe0",
		"transactionReference": "RefValid",
		"transactionType": "FPS_OUTBOUND_PAYMENT",
		"balance": 39468.69,
		"availableBalance": 38968.52,
		"debitCreditCode": "DBIT",
		"transactionTypeClient": "",
		"creditorName": "BCA C111",
		"transactionTimestamp": "2021-09-22T07:17:32.000+00:00",
		"fees": [{
			"charge": {
				"percentage": 0,
				"description": "FPS Outbound Fee",
				"fixedAmount": 0.15,
				"currency": "GBP"
			},
			"transactionId": "47daf9f6-056c-4fc4-8b75-cac910b4b3de",
			"totalFeeCharged": 0.15,
			"currency": "GBP"
		}]
	}, {
		"amount": 0.15,
		"transactionId": "94f5499d-ea23-4471-b491-157b92e29167",
		"transactionReference": "RefValid",
		"transactionType": "FPS_OUTBOUND_PAYMENT_FEE",
		"balance": 39469.34,
		"availableBalance": 38969.17,
		"debitCreditCode": "DBIT",
		"transactionTypeClient": "",
		"transactionTimestamp": "2021-09-22T05:56:43.000+00:00"
	}, {
		"amount": 0.50,
		"transactionId": "e29348d9-7505-4a04-882d-5804e0241426",
		"transactionReference": "RefValid",
		"transactionType": "FPS_OUTBOUND_PAYMENT",
		"balance": 39469.34,
		"availableBalance": 38969.17,
		"debitCreditCode": "DBIT",
		"transactionTypeClient": "",
		"creditorName": "BCA C111",
		"transactionTimestamp": "2021-09-22T05:56:43.000+00:00",
		"fees": [{
			"charge": {
				"percentage": 0,
				"description": "FPS Outbound Fee",
				"fixedAmount": 0.15,
				"currency": "GBP"
			},
			"transactionId": "94f5499d-ea23-4471-b491-157b92e29167",
			"totalFeeCharged": 0.15,
			"currency": "GBP"
		}]
	}, {
		"amount": 0.15,
		"transactionId": "ced24862-cfac-4026-8991-adeba827a4df",
		"transactionReference": "RefValid",
		"transactionType": "FPS_OUTBOUND_PAYMENT_FEE",
		"balance": 39469.99,
		"availableBalance": 38969.82,
		"debitCreditCode": "DBIT",
		"transactionTypeClient": "",
		"transactionTimestamp": "2021-09-21T15:47:15.000+00:00"
	}, {
		"amount": 0.50,
		"transactionId": "283fdab1-509e-4887-9689-7adce7b4503b",
		"transactionReference": "RefValid",
		"transactionType": "FPS_OUTBOUND_PAYMENT",
		"balance": 39469.99,
		"availableBalance": 38969.82,
		"debitCreditCode": "DBIT",
		"transactionTypeClient": "",
		"creditorName": "BCA C111",
		"transactionTimestamp": "2021-09-21T15:47:15.000+00:00",
		"fees": [{
			"charge": {
				"percentage": 0,
				"description": "FPS Outbound Fee",
				"fixedAmount": 0.15,
				"currency": "GBP"
			},
			"transactionId": "ced24862-cfac-4026-8991-adeba827a4df",
			"totalFeeCharged": 0.15,
			"currency": "GBP"
		}]
	}, {
		"amount": 0.15,
		"transactionId": "d75992d9-50c6-4bfc-bc4a-fe44ef58a337",
		"transactionReference": "RefValid",
		"transactionType": "FPS_OUTBOUND_PAYMENT_FEE",
		"balance": 39470.64,
		"availableBalance": 38970.47,
		"debitCreditCode": "DBIT",
		"transactionTypeClient": "",
		"transactionTimestamp": "2021-09-21T15:33:47.000+00:00"
	}, {
		"amount": 0.50,
		"transactionId": "84532d28-f686-4442-aa39-9d171ee335b7",
		"transactionReference": "RefValid",
		"transactionType": "FPS_OUTBOUND_PAYMENT",
		"balance": 39470.64,
		"availableBalance": 38970.47,
		"debitCreditCode": "DBIT",
		"transactionTypeClient": "",
		"creditorName": "BCA C111",
		"transactionTimestamp": "2021-09-21T15:33:47.000+00:00",
		"fees": [{
			"charge": {
				"percentage": 0,
				"description": "FPS Outbound Fee",
				"fixedAmount": 0.15,
				"currency": "GBP"
			},
			"transactionId": "d75992d9-50c6-4bfc-bc4a-fe44ef58a337",
			"totalFeeCharged": 0.15,
			"currency": "GBP"
		}]
	}, {
		"amount": 0.15,
		"transactionId": "2856ae57-6dac-491b-8100-59fefd952507",
		"transactionReference": "RefValid",
		"transactionType": "FPS_OUTBOUND_PAYMENT_FEE",
		"balance": 39471.29,
		"availableBalance": 38971.12,
		"debitCreditCode": "DBIT",
		"transactionTypeClient": "",
		"transactionTimestamp": "2021-09-21T15:31:58.000+00:00"
	}, {
		"amount": 0.50,
		"transactionId": "de8812eb-97ff-431f-8da4-8d0809ad3e60",
		"transactionReference": "RefValid",
		"transactionType": "FPS_OUTBOUND_PAYMENT",
		"balance": 39471.29,
		"availableBalance": 38971.12,
		"debitCreditCode": "DBIT",
		"transactionTypeClient": "",
		"creditorName": "BCA C111",
		"transactionTimestamp": "2021-09-21T15:31:58.000+00:00",
		"fees": [{
			"charge": {
				"percentage": 0,
				"description": "FPS Outbound Fee",
				"fixedAmount": 0.15,
				"currency": "GBP"
			},
			"transactionId": "2856ae57-6dac-491b-8100-59fefd952507",
			"totalFeeCharged": 0.15,
			"currency": "GBP"
		}]
	}, {
		"amount": 0.15,
		"transactionId": "4cc56530-f32b-4239-a54f-b4626d837702",
		"transactionReference": "RefValid",
		"transactionType": "FPS_OUTBOUND_PAYMENT_FEE",
		"balance": 39471.94,
		"availableBalance": 39471.77,
		"debitCreditCode": "DBIT",
		"transactionTypeClient": "",
		"transactionTimestamp": "2021-09-21T15:25:47.000+00:00"
	}, {
		"amount": 0.50,
		"transactionId": "0bb10a51-805b-4acc-b87c-77c9c513c8a7",
		"transactionReference": "RefValid",
		"transactionType": "FPS_OUTBOUND_PAYMENT",
		"balance": 39471.94,
		"availableBalance": 39471.77,
		"debitCreditCode": "DBIT",
		"transactionTypeClient": "",
		"creditorName": "BCA C111",
		"transactionTimestamp": "2021-09-21T15:25:47.000+00:00",
		"fees": [{
			"charge": {
				"percentage": 0,
				"description": "FPS Outbound Fee",
				"fixedAmount": 0.15,
				"currency": "GBP"
			},
			"transactionId": "4cc56530-f32b-4239-a54f-b4626d837702",
			"totalFeeCharged": 0.15,
			"currency": "GBP"
		}]
	}, {
		"amount": 0.15,
		"transactionId": "593c1e88-19b6-4b12-b8c9-76e06e32118d",
		"transactionReference": "RefValid",
		"transactionType": "FPS_OUTBOUND_PAYMENT_FEE",
		"balance": 39472.59,
		"availableBalance": 39472.43,
		"debitCreditCode": "DBIT",
		"transactionTypeClient": "",
		"transactionTimestamp": "2021-09-21T15:01:01.000+00:00"
	}, {
		"amount": 0.50,
		"transactionId": "2ff855ca-5dcf-4bb8-a856-ecfe020b3651",
		"transactionReference": "RefValid",
		"transactionType": "FPS_OUTBOUND_PAYMENT",
		"balance": 39472.59,
		"availableBalance": 39472.43,
		"debitCreditCode": "DBIT",
		"transactionTypeClient": "",
		"creditorName": "BCA C111",
		"transactionTimestamp": "2021-09-21T15:01:01.000+00:00",
		"fees": [{
			"charge": {
				"percentage": 0,
				"description": "FPS Outbound Fee",
				"fixedAmount": 0.15,
				"currency": "GBP"
			},
			"transactionId": "593c1e88-19b6-4b12-b8c9-76e06e32118d",
			"totalFeeCharged": 0.15,
			"currency": "GBP"
		}]
	}, {
		"amount": 0.15,
		"transactionId": "14c438a1-6a46-4414-bc96-a0dd9631730d",
		"transactionReference": "RefValid",
		"transactionType": "FPS_OUTBOUND_PAYMENT_FEE",
		"balance": 39473.24,
		"availableBalance": 39473.08,
		"debitCreditCode": "DBIT",
		"transactionTypeClient": "",
		"transactionTimestamp": "2021-09-21T14:58:52.000+00:00"
	}, {
		"amount": 0.50,
		"transactionId": "7ab0be62-24a8-4ee1-b747-3213f3325a9e",
		"transactionReference": "RefValid",
		"transactionType": "FPS_OUTBOUND_PAYMENT",
		"balance": 39473.24,
		"availableBalance": 39473.08,
		"debitCreditCode": "DBIT",
		"transactionTypeClient": "",
		"creditorName": "BCA C111",
		"transactionTimestamp": "2021-09-21T14:58:52.000+00:00",
		"fees": [{
			"charge": {
				"percentage": 0,
				"description": "FPS Outbound Fee",
				"fixedAmount": 0.15,
				"currency": "GBP"
			},
			"transactionId": "14c438a1-6a46-4414-bc96-a0dd9631730d",
			"totalFeeCharged": 0.15,
			"currency": "GBP"
		}]
	}, {
		"amount": 0.15,
		"transactionId": "ec19f5a3-948b-4e65-bc27-c30e062b0b71",
		"transactionReference": "RefValid",
		"transactionType": "FPS_OUTBOUND_PAYMENT_FEE",
		"balance": 39473.89,
		"availableBalance": 39473.73,
		"debitCreditCode": "DBIT",
		"transactionTypeClient": "",
		"transactionTimestamp": "2021-09-21T14:34:07.000+00:00"
	}, {
		"amount": 10000.50,
		"transactionId": "a44434d0-1324-491a-b838-d6490267d6f4",
		"transactionReference": "RefValid",
		"transactionType": "FPS_OUTBOUND_PAYMENT",
		"balance": 39473.89,
		"availableBalance": 39473.73,
		"debitCreditCode": "DBIT",
		"transactionTypeClient": "",
		"creditorName": "BCA C111",
		"transactionTimestamp": "2021-09-21T14:34:07.000+00:00",
		"fees": [{
			"charge": {
				"percentage": 0,
				"description": "FPS Outbound Fee",
				"fixedAmount": 0.15,
				"currency": "GBP"
			},
			"transactionId": "ec19f5a3-948b-4e65-bc27-c30e062b0b71",
			"totalFeeCharged": 0.15,
			"currency": "GBP"
		}]
	}, {
		"amount": 0.15,
		"transactionId": "2965d973-38b6-41f5-9d03-04d41f0cedef",
		"transactionReference": "RefValid",
		"transactionType": "FPS_OUTBOUND_PAYMENT_FEE",
		"balance": 49474.54,
		"availableBalance": 49474.22,
		"debitCreditCode": "DBIT",
		"transactionTypeClient": "",
		"transactionTimestamp": "2021-09-21T14:02:25.000+00:00"
	}, {
		"amount": 0.50,
		"transactionId": "4e581843-d36c-4bc1-bf3c-ba6b3f559401",
		"transactionReference": "RefValid",
		"transactionType": "FPS_OUTBOUND_PAYMENT",
		"balance": 49474.54,
		"availableBalance": 49474.22,
		"debitCreditCode": "DBIT",
		"transactionTypeClient": "",
		"creditorName": "BCA C111",
		"transactionTimestamp": "2021-09-21T14:02:25.000+00:00",
		"fees": [{
			"charge": {
				"percentage": 0,
				"description": "FPS Outbound Fee",
				"fixedAmount": 0.15,
				"currency": "GBP"
			},
			"transactionId": "2965d973-38b6-41f5-9d03-04d41f0cedef",
			"totalFeeCharged": 0.15,
			"currency": "GBP"
		}]
	}, {
		"amount": 0.15,
		"transactionId": "6bc526eb-84f6-4f85-a75d-40a4b22e28a1",
		"transactionReference": "RefValid",
		"transactionType": "FPS_OUTBOUND_PAYMENT_FEE",
		"balance": 49475.19,
		"availableBalance": 49475.03,
		"debitCreditCode": "DBIT",
		"transactionTypeClient": "",
		"transactionTimestamp": "2021-09-21T12:55:37.000+00:00"
	}, {
		"amount": 500.50,
		"transactionId": "b44c09a9-9ca6-4ff3-b428-d4d8b2eea23e",
		"transactionReference": "RefValid",
		"transactionType": "FPS_OUTBOUND_PAYMENT",
		"balance": 49475.19,
		"availableBalance": 49475.03,
		"debitCreditCode": "DBIT",
		"transactionTypeClient": "",
		"creditorName": "BCA C111",
		"transactionTimestamp": "2021-09-21T12:55:37.000+00:00",
		"fees": [{
			"charge": {
				"percentage": 0,
				"description": "FPS Outbound Fee",
				"fixedAmount": 0.15,
				"currency": "GBP"
			},
			"transactionId": "6bc526eb-84f6-4f85-a75d-40a4b22e28a1",
			"totalFeeCharged": 0.15,
			"currency": "GBP"
		}]
	}, {
		"amount": 0.15,
		"transactionId": "54c1abb6-9e3f-4f13-bfc9-3b6d4ac240e3",
		"transactionReference": "RefValid",
		"transactionType": "FPS_OUTBOUND_PAYMENT_FEE",
		"balance": 49975.84,
		"availableBalance": 49975.68,
		"debitCreditCode": "DBIT",
		"transactionTypeClient": "",
		"transactionTimestamp": "2021-09-21T12:55:23.000+00:00"
	}, {
		"amount": 0.50,
		"transactionId": "cbbd0aa5-4477-48e9-8abb-05db69b1bdff",
		"transactionReference": "RefValid",
		"transactionType": "FPS_OUTBOUND_PAYMENT",
		"balance": 49975.84,
		"availableBalance": 49975.68,
		"debitCreditCode": "DBIT",
		"transactionTypeClient": "",
		"creditorName": "BCA C111",
		"transactionTimestamp": "2021-09-21T12:55:23.000+00:00",
		"fees": [{
			"charge": {
				"percentage": 0,
				"description": "FPS Outbound Fee",
				"fixedAmount": 0.15,
				"currency": "GBP"
			},
			"transactionId": "54c1abb6-9e3f-4f13-bfc9-3b6d4ac240e3",
			"totalFeeCharged": 0.15,
			"currency": "GBP"
		}]
	}, {
		"amount": 0.15,
		"transactionId": "cf8bf2fe-92a5-4b6d-a034-c6f763b42b71",
		"transactionReference": "RefValid",
		"transactionType": "FPS_OUTBOUND_PAYMENT_FEE",
		"balance": 49976.49,
		"availableBalance": 49976.33,
		"debitCreditCode": "DBIT",
		"transactionTypeClient": "",
		"transactionTimestamp": "2021-09-21T12:47:47.000+00:00"
	}, {
		"amount": 0.50,
		"transactionId": "055cfaef-8d06-4af6-9cb0-6adae55b6c14",
		"transactionReference": "RefValid",
		"transactionType": "FPS_OUTBOUND_PAYMENT",
		"balance": 49976.49,
		"availableBalance": 49976.33,
		"debitCreditCode": "DBIT",
		"transactionTypeClient": "",
		"creditorName": "BCA C111",
		"transactionTimestamp": "2021-09-21T12:47:47.000+00:00",
		"fees": [{
			"charge": {
				"percentage": 0,
				"description": "FPS Outbound Fee",
				"fixedAmount": 0.15,
				"currency": "GBP"
			},
			"transactionId": "cf8bf2fe-92a5-4b6d-a034-c6f763b42b71",
			"totalFeeCharged": 0.15,
			"currency": "GBP"
		}]
	}, {
		"amount": 0.15,
		"transactionId": "ad88bdbd-365c-47bd-bfe0-45a34bff8312",
		"transactionReference": "RefValid",
		"transactionType": "FPS_OUTBOUND_PAYMENT_FEE",
		"balance": 49977.14,
		"availableBalance": 49976.98,
		"debitCreditCode": "DBIT",
		"transactionTypeClient": "",
		"transactionTimestamp": "2021-09-21T11:49:23.000+00:00"
	}, {
		"amount": 0.50,
		"transactionId": "bb1253fb-fc58-49f2-9734-28ed2f1b1bd7",
		"transactionReference": "RefValid",
		"transactionType": "FPS_OUTBOUND_PAYMENT",
		"balance": 49977.14,
		"availableBalance": 49976.98,
		"debitCreditCode": "DBIT",
		"transactionTypeClient": "",
		"creditorName": "BCA C111",
		"transactionTimestamp": "2021-09-21T11:49:23.000+00:00",
		"fees": [{
			"charge": {
				"percentage": 0,
				"description": "FPS Outbound Fee",
				"fixedAmount": 0.15,
				"currency": "GBP"
			},
			"transactionId": "ad88bdbd-365c-47bd-bfe0-45a34bff8312",
			"totalFeeCharged": 0.15,
			"currency": "GBP"
		}]
	}, {
		"amount": 0.50,
		"transactionId": "517f0ed9-51f5-43b4-abbf-5980f1472f03",
		"transactionReference": "RefValid",
		"transactionType": "FPS_OUTBOUND_PAYMENT",
		"balance": 49977.79,
		"availableBalance": 49977.63,
		"debitCreditCode": "DBIT",
		"transactionTypeClient": "",
		"creditorName": "BCA C111",
		"transactionTimestamp": "2021-09-21T07:10:31.000+00:00",
		"fees": [{
			"charge": {
				"percentage": 0,
				"description": "FPS Outbound Fee",
				"fixedAmount": 0.15,
				"currency": "GBP"
			},
			"transactionId": "99850683-09aa-4b44-8712-a6d13d7c56b6",
			"totalFeeCharged": 0.15,
			"currency": "GBP"
		}]
	}, {
		"amount": 0.15,
		"transactionId": "99850683-09aa-4b44-8712-a6d13d7c56b6",
		"transactionReference": "RefValid",
		"transactionType": "FPS_OUTBOUND_PAYMENT_FEE",
		"balance": 49977.79,
		"availableBalance": 49977.63,
		"debitCreditCode": "DBIT",
		"transactionTypeClient": "",
		"transactionTimestamp": "2021-09-21T07:10:31.000+00:00"
	}, {
		"amount": 0.50,
		"transactionId": "865d036a-7b6d-47cf-babc-436f06bcaca2",
		"transactionReference": "RefValid",
		"transactionType": "FPS_OUTBOUND_PAYMENT",
		"balance": 49978.44,
		"availableBalance": 49978.28,
		"debitCreditCode": "DBIT",
		"transactionTypeClient": "",
		"creditorName": "BCA C111",
		"transactionTimestamp": "2021-09-20T16:06:34.000+00:00",
		"fees": [{
			"charge": {
				"percentage": 0,
				"description": "FPS Outbound Fee",
				"fixedAmount": 0.15,
				"currency": "GBP"
			},
			"transactionId": "5329443a-7873-40b8-9d6a-190cb12431bc",
			"totalFeeCharged": 0.15,
			"currency": "GBP"
		}]
	}, {
		"amount": 0.15,
		"transactionId": "5329443a-7873-40b8-9d6a-190cb12431bc",
		"transactionReference": "RefValid",
		"transactionType": "FPS_OUTBOUND_PAYMENT_FEE",
		"balance": 49978.44,
		"availableBalance": 49978.28,
		"debitCreditCode": "DBIT",
		"transactionTypeClient": "",
		"transactionTimestamp": "2021-09-20T16:06:34.000+00:00"
	}, {
		"amount": 0.15,
		"transactionId": "723f48b3-48d6-41ba-a60c-3b32f7fe8013",
		"transactionReference": "RefValid",
		"transactionType": "FPS_OUTBOUND_PAYMENT_FEE",
		"balance": 49979.09,
		"availableBalance": 49978.93,
		"debitCreditCode": "DBIT",
		"transactionTypeClient": "",
		"transactionTimestamp": "2021-09-20T07:59:38.000+00:00"
	}, {
		"amount": 0.50,
		"transactionId": "e27a8503-8dd5-4357-972b-464f7283973c",
		"transactionReference": "RefValid",
		"transactionType": "FPS_OUTBOUND_PAYMENT",
		"balance": 49979.09,
		"availableBalance": 49978.93,
		"debitCreditCode": "DBIT",
		"transactionTypeClient": "",
		"creditorName": "BCA C111",
		"transactionTimestamp": "2021-09-20T07:59:38.000+00:00",
		"fees": [{
			"charge": {
				"percentage": 0,
				"description": "FPS Outbound Fee",
				"fixedAmount": 0.15,
				"currency": "GBP"
			},
			"transactionId": "723f48b3-48d6-41ba-a60c-3b32f7fe8013",
			"totalFeeCharged": 0.15,
			"currency": "GBP"
		}]
	}, {
		"amount": 0.15,
		"transactionId": "cc60a59c-720d-4fb9-a838-0d9ec9eb97ab",
		"transactionReference": "RefValid",
		"transactionType": "FPS_OUTBOUND_PAYMENT_FEE",
		"balance": 49979.74,
		"availableBalance": 49979.58,
		"debitCreditCode": "DBIT",
		"transactionTypeClient": "",
		"transactionTimestamp": "2021-09-20T07:17:26.000+00:00"
	}, {
		"amount": 0.50,
		"transactionId": "863b24d3-bb5e-4dbd-9db9-375c68a19da3",
		"transactionReference": "RefValid",
		"transactionType": "FPS_OUTBOUND_PAYMENT",
		"balance": 49979.74,
		"availableBalance": 49979.58,
		"debitCreditCode": "DBIT",
		"transactionTypeClient": "",
		"creditorName": "BCA C111",
		"transactionTimestamp": "2021-09-20T07:17:26.000+00:00",
		"fees": [{
			"charge": {
				"percentage": 0,
				"description": "FPS Outbound Fee",
				"fixedAmount": 0.15,
				"currency": "GBP"
			},
			"transactionId": "cc60a59c-720d-4fb9-a838-0d9ec9eb97ab",
			"totalFeeCharged": 0.15,
			"currency": "GBP"
		}]
	}, {
		"amount": 0.15,
		"transactionId": "d064d28b-35f7-4b08-995f-08e9fcf7d1a0",
		"transactionReference": "RefValid",
		"transactionType": "FPS_OUTBOUND_PAYMENT_FEE",
		"balance": 49980.39,
		"availableBalance": 49980.23,
		"debitCreditCode": "DBIT",
		"transactionTypeClient": "",
		"transactionTimestamp": "2021-09-17T15:01:34.000+00:00"
	}, {
		"amount": 0.50,
		"transactionId": "a22d2aab-7ad2-40c1-846b-0a2c8094bc83",
		"transactionReference": "RefValid",
		"transactionType": "FPS_OUTBOUND_PAYMENT",
		"balance": 49980.39,
		"availableBalance": 49980.23,
		"debitCreditCode": "DBIT",
		"transactionTypeClient": "",
		"creditorName": "BCA C111",
		"transactionTimestamp": "2021-09-17T15:01:34.000+00:00",
		"fees": [{
			"charge": {
				"percentage": 0,
				"description": "FPS Outbound Fee",
				"fixedAmount": 0.15,
				"currency": "GBP"
			},
			"transactionId": "d064d28b-35f7-4b08-995f-08e9fcf7d1a0",
			"totalFeeCharged": 0.15,
			"currency": "GBP"
		}]
	}, {
		"amount": 0.15,
		"transactionId": "ce963cc3-de88-454a-93de-a6231a2171f4",
		"transactionReference": "RefValid",
		"transactionType": "FPS_OUTBOUND_PAYMENT_FEE",
		"balance": 49981.04,
		"availableBalance": 49980.88,
		"debitCreditCode": "DBIT",
		"transactionTypeClient": "",
		"transactionTimestamp": "2021-09-17T14:33:15.000+00:00"
	}, {
		"amount": 0.50,
		"transactionId": "f6aab214-0b4f-487f-85f7-43699c1d80ed",
		"transactionReference": "RefValid",
		"transactionType": "FPS_OUTBOUND_PAYMENT",
		"balance": 49981.04,
		"availableBalance": 49980.88,
		"debitCreditCode": "DBIT",
		"transactionTypeClient": "",
		"creditorName": "BCA C111",
		"transactionTimestamp": "2021-09-17T14:33:15.000+00:00",
		"fees": [{
			"charge": {
				"percentage": 0,
				"description": "FPS Outbound Fee",
				"fixedAmount": 0.15,
				"currency": "GBP"
			},
			"transactionId": "ce963cc3-de88-454a-93de-a6231a2171f4",
			"totalFeeCharged": 0.15,
			"currency": "GBP"
		}]
	}, {
		"amount": 0.15,
		"transactionId": "c8f0b1a1-db32-4982-9da2-b27ef90610f1",
		"transactionReference": "RefValid",
		"transactionType": "FPS_OUTBOUND_PAYMENT_FEE",
		"balance": 49981.69,
		"availableBalance": 49981.53,
		"debitCreditCode": "DBIT",
		"transactionTypeClient": "",
		"transactionTimestamp": "2021-09-17T14:25:14.000+00:00"
	}, {
		"amount": 0.50,
		"transactionId": "4da9f94d-b890-4f90-a946-69868a147305",
		"transactionReference": "RefValid",
		"transactionType": "FPS_OUTBOUND_PAYMENT",
		"balance": 49981.69,
		"availableBalance": 49981.53,
		"debitCreditCode": "DBIT",
		"transactionTypeClient": "",
		"creditorName": "BCA C111",
		"transactionTimestamp": "2021-09-17T14:25:14.000+00:00",
		"fees": [{
			"charge": {
				"percentage": 0,
				"description": "FPS Outbound Fee",
				"fixedAmount": 0.15,
				"currency": "GBP"
			},
			"transactionId": "c8f0b1a1-db32-4982-9da2-b27ef90610f1",
			"totalFeeCharged": 0.15,
			"currency": "GBP"
		}]
	}, {
		"amount": 0.15,
		"transactionId": "ccb79ffd-3415-4f6a-9d6d-b4593d252513",
		"transactionReference": "RefValid",
		"transactionType": "FPS_OUTBOUND_PAYMENT_FEE",
		"balance": 49982.34,
		"availableBalance": 49982.18,
		"debitCreditCode": "DBIT",
		"transactionTypeClient": "",
		"transactionTimestamp": "2021-09-17T14:22:03.000+00:00"
	}, {
		"amount": 0.50,
		"transactionId": "543e2203-0e7b-42e9-b371-80244e9790ea",
		"transactionReference": "RefValid",
		"transactionType": "FPS_OUTBOUND_PAYMENT",
		"balance": 49982.34,
		"availableBalance": 49982.18,
		"debitCreditCode": "DBIT",
		"transactionTypeClient": "",
		"creditorName": "BCA C111",
		"transactionTimestamp": "2021-09-17T14:22:03.000+00:00",
		"fees": [{
			"charge": {
				"percentage": 0,
				"description": "FPS Outbound Fee",
				"fixedAmount": 0.15,
				"currency": "GBP"
			},
			"transactionId": "ccb79ffd-3415-4f6a-9d6d-b4593d252513",
			"totalFeeCharged": 0.15,
			"currency": "GBP"
		}]
	}, {
		"amount": 0.15,
		"transactionId": "b959a41d-7fa4-4e79-b50c-7f7796aee7e2",
		"transactionReference": "RefValid",
		"transactionType": "FPS_OUTBOUND_PAYMENT_FEE",
		"balance": 49982.99,
		"availableBalance": 49982.83,
		"debitCreditCode": "DBIT",
		"transactionTypeClient": "",
		"transactionTimestamp": "2021-09-17T13:52:04.000+00:00"
	}, {
		"amount": 0.50,
		"transactionId": "3082ad46-59de-4383-b6f1-0a81ed52559f",
		"transactionReference": "RefValid",
		"transactionType": "FPS_OUTBOUND_PAYMENT",
		"balance": 49982.99,
		"availableBalance": 49982.83,
		"debitCreditCode": "DBIT",
		"transactionTypeClient": "",
		"creditorName": "BCA C111",
		"transactionTimestamp": "2021-09-17T13:52:04.000+00:00",
		"fees": [{
			"charge": {
				"percentage": 0,
				"description": "FPS Outbound Fee",
				"fixedAmount": 0.15,
				"currency": "GBP"
			},
			"transactionId": "b959a41d-7fa4-4e79-b50c-7f7796aee7e2",
			"totalFeeCharged": 0.15,
			"currency": "GBP"
		}]
	}, {
		"amount": 0.15,
		"transactionId": "f2c73ccd-a6c8-4feb-a220-5c9ffafcb53e",
		"transactionReference": "RefValid",
		"transactionType": "FPS_OUTBOUND_PAYMENT_FEE",
		"balance": 49983.64,
		"availableBalance": 49983.48,
		"debitCreditCode": "DBIT",
		"transactionTypeClient": "",
		"transactionTimestamp": "2021-09-17T13:41:30.000+00:00"
	}, {
		"amount": 0.50,
		"transactionId": "9042a233-f1db-4e57-9f33-de0767d0250b",
		"transactionReference": "RefValid",
		"transactionType": "FPS_OUTBOUND_PAYMENT",
		"balance": 49983.64,
		"availableBalance": 49983.48,
		"debitCreditCode": "DBIT",
		"transactionTypeClient": "",
		"creditorName": "BCA C111",
		"transactionTimestamp": "2021-09-17T13:41:30.000+00:00",
		"fees": [{
			"charge": {
				"percentage": 0,
				"description": "FPS Outbound Fee",
				"fixedAmount": 0.15,
				"currency": "GBP"
			},
			"transactionId": "f2c73ccd-a6c8-4feb-a220-5c9ffafcb53e",
			"totalFeeCharged": 0.15,
			"currency": "GBP"
		}]
	}, {
		"amount": 0.50,
		"transactionId": "c74e642d-076a-4cbe-985a-65ba9cccf15c",
		"transactionReference": "RefValid",
		"transactionType": "FPS_OUTBOUND_PAYMENT",
		"balance": 49984.29,
		"availableBalance": 49984.13,
		"debitCreditCode": "DBIT",
		"transactionTypeClient": "",
		"creditorName": "BCA C111",
		"transactionTimestamp": "2021-09-17T13:34:35.000+00:00",
		"fees": [{
			"charge": {
				"percentage": 0,
				"description": "FPS Outbound Fee",
				"fixedAmount": 0.15,
				"currency": "GBP"
			},
			"transactionId": "c6bfa5eb-ef96-478e-a9bf-e41a507af17d",
			"totalFeeCharged": 0.15,
			"currency": "GBP"
		}]
	}, {
		"amount": 0.15,
		"transactionId": "c6bfa5eb-ef96-478e-a9bf-e41a507af17d",
		"transactionReference": "RefValid",
		"transactionType": "FPS_OUTBOUND_PAYMENT_FEE",
		"balance": 49984.29,
		"availableBalance": 49984.13,
		"debitCreditCode": "DBIT",
		"transactionTypeClient": "",
		"transactionTimestamp": "2021-09-17T13:34:35.000+00:00"
	}],
	"records": {
		"totalRecords": 189,
		"pageNumber": 1,
		"pageSize": 100
	}
}