{
    "records": {
      "pageNumber": 1,
      "pageSize": 100,
      "totalRecords": 3
    },
    "pendingTransactions": [
      {
        "amount": 200.33,
        "conversion": {
          "amount": 200.33,
          "currencyCode": "USD",
          "rate": "0.7"
        },
        "counterpartyName": "John Ringo",
        "debitCreditCode": "DBIT",
        "feeDescription": "string",
        "relatedFeeTransactionId": "3fa85f64-5717-4562-b3fc-2c963f66afa6",
        "richdata": "string",
        "transactionId": "3fa85f64-5717-4562-b3fc-2c963f66afa6",
        "transactionReference": "transaction reference",
        "transactionTimestamp": "2021-04-15T15:46:36.138Z",
        "transactionType": "string",
        "transactionTypeClient": "string",
        "iconType": "BANK"
      },
      {
        "amount": 2.33,
        "conversion": {
          "amount": 2.33,
          "currencyCode": "GBP",
          "rate": "1"
        },
        "counterpartyName": "James Jones",
        "debitCreditCode": "DBIT",
        "feeDescription": "string",
        "relatedFeeTransactionId": "3fa85f64-5717-4562-b3fc-2c963f66afa6",
        "richdata": "string",
        "transactionId": "3fa85f64-5717-4562-b3fc-2c963f66afa6",
        "transactionReference": "transaction reference",
        "transactionTimestamp": "2021-04-15T15:30:36.138Z",
        "transactionType": "string",
        "transactionTypeClient": "string",
        "iconType": "CARD"
      },
      {
        "amount": 33.33,
        "conversion": {
          "amount": 33.33,
          "currencyCode": "EUR",
          "rate": "0.8"
        },
        "counterpartyName": "Phil James",
        "debitCreditCode": "DBIT",
        "feeDescription": "string",
        "relatedFeeTransactionId": "3fa85f64-5717-4562-b3fc-2c963f66afa6",
        "richdata": "string",
        "transactionId": "3fa85f64-5717-4562-b3fc-2c963f66afa6",
        "transactionReference": "transaction reference",
        "transactionTimestamp": "2021-04-15T15:21:36.138Z",
        "transactionType": "string",
        "transactionTypeClient": "string"
      }
    ]
  }