{
  "project_info": {
    "project_number": "407404893590",
    "project_id": "e-notebook-21505",
    "storage_bucket": "e-notebook-21505.appspot.com"
  },
  "client": [
    {
      "client_info": {
        "mobilesdk_app_id": "1:407404893590:android:d8a31cfa866af6636c39b7",
        "android_client_info": {
          "package_name": "com.prashantdev.e_notebook"
        }
      },
      "oauth_client": [],
      "api_key": [
        {
          "current_key": "AIzaSyBtHjx9-N3cTKNDhshN2nLqrZY81JoKZxE"
        }
      ],
      "services": {
        "appinvite_service": {
          "other_platform_oauth_client": []
        }
      }
    }
  ],
  "configuration_version": "1"
}