{
    "records": {
        "totalRecords": 20,
        "pageNumber": 1,
        "pageSize": 10
    },
    "payees": [
        {
            "id": "17a4c90d-c98e-413b-aa5f-808ba2c40555",
            "name": "Elsie Walter",
            "accountNumber": "00378894",
            "sortCode": "110739",
            "reference": "Buckinghamshire Cedi"
        },
        {
            "id": "cb47b24d-a147-4c9f-bb1b-ee8eff0c3f21",
            "name": "Stephanie Waters",
            "accountNumber": "00378894",
            "sortCode": "110739",
            "reference": "Executive Representative"
        },
        {
            "id": "17a4c90d-c98e-413b-aa5f-808ba2c40555",
            "name": "Barry Lee",
            "accountNumber": "00378894",
            "sortCode": "110739",
            "reference": "Buckinghamshire Cedi"
        },
        {
            "id": "cb47b24d-a147-4c9f-bb1b-ee8eff0c3f21",
            "name": "George Winters",
            "accountNumber": "00378894",
            "sortCode": "110739",
            "reference": "Executive Representative"
        },
        {
            "id": "17a4c90d-c98e-413b-aa5f-808ba2c40555",
            "name": "Roger Moore",
            "accountNumber": "00378894",
            "sortCode": "110739",
            "reference": "Buckinghamshire Cedi"
        },
        {
            "id": "cb47b24d-a147-4c9f-bb1b-ee8eff0c3f21",
            "name": "Buck Rogers",
            "accountNumber": "00378894",
            "sortCode": "110739",
            "reference": "Executive Representative"
        },
        {
            "id": "17a4c90d-c98e-413b-aa5f-808ba2c40555",
            "name": "Lola Marge",
            "accountNumber": "00378894",
            "sortCode": "110739",
            "reference": "Buckinghamshire Cedi"
        },
        {
            "id": "cb47b24d-a147-4c9f-bb1b-ee8eff0c3f21",
            "name": "Thomas Becknits",
            "accountNumber": "00378894",
            "sortCode": "110739",
            "reference": "Executive Representative"
        },
        {
            "id": "17a4c90d-c98e-413b-aa5f-808ba2c40555",
            "name": "Levi Roots",
            "accountNumber": "00378894",
            "sortCode": "110739",
            "reference": "Buckinghamshire Cedi"
        },
        {
            "id": "cb47b24d-a147-4c9f-bb1b-ee8eff0c3f21",
            "name": "Barbara Windsor",
            "accountNumber": "00378894",
            "sortCode": "110739",
            "reference": "Executive Representative"
        }
    ]
}