{
	"transactions": [{
		"amount": 0.01,
		"transactionId": "3860f149-2f19-4ae3-a3e3-383f8cb734d8",
		"transactionReference": "RefValid",
		"transactionType": "TRANSFER_INBOUND_PAYMENT",
		"balance": 49984.94,
		"availableBalance": 49984.78,
		"debitCreditCode": "CRDT",
		"transactionTypeClient": "",
		"counterpartyName": "OCTOBER DRIFT LTD",
		"transactionTimestamp": "2021-09-17T07:17:25.000+00:00"
	}, {
		"amount": 0.15,
		"transactionId": "018a19d4-5847-4ba5-b9d2-1a9861a2d867",
		"transactionReference": "RefValid",
		"transactionType": "FPS_OUTBOUND_PAYMENT_FEE",
		"balance": 49984.93,
		"availableBalance": 49984.77,
		"debitCreditCode": "DBIT",
		"transactionTypeClient": "",
		"transactionTimestamp": "2021-09-17T07:17:21.000+00:00"
	}, {
		"amount": 0.50,
		"transactionId": "1ea84ce0-4841-46fa-bb6a-9f579655325c",
		"transactionReference": "RefValid",
		"transactionType": "FPS_OUTBOUND_PAYMENT",
		"balance": 49984.93,
		"availableBalance": 49984.77,
		"debitCreditCode": "DBIT",
		"transactionTypeClient": "",
		"creditorName": "BCA C111",
		"transactionTimestamp": "2021-09-17T07:17:21.000+00:00",
		"fees": [{
			"charge": {
				"percentage": 0,
				"description": "FPS Outbound Fee",
				"fixedAmount": 0.15,
				"currency": "GBP"
			},
			"transactionId": "018a19d4-5847-4ba5-b9d2-1a9861a2d867",
			"totalFeeCharged": 0.15,
			"currency": "GBP"
		}]
	}, {
		"amount": 0.15,
		"transactionId": "47f4ec19-1ec4-43cf-8fab-d81824efadca",
		"transactionReference": "RefValid",
		"transactionType": "FPS_OUTBOUND_PAYMENT_FEE",
		"balance": 49985.58,
		"availableBalance": 49985.58,
		"debitCreditCode": "DBIT",
		"transactionTypeClient": "",
		"transactionTimestamp": "2021-09-17T06:29:44.000+00:00"
	}, {
		"amount": 0.50,
		"transactionId": "e8dc3b7d-d5a2-4b72-8b7d-c3f239d4d4b1",
		"transactionReference": "RefValid",
		"transactionType": "FPS_OUTBOUND_PAYMENT",
		"balance": 49985.58,
		"availableBalance": 49985.58,
		"debitCreditCode": "DBIT",
		"transactionTypeClient": "",
		"creditorName": "BCA C111",
		"transactionTimestamp": "2021-09-17T06:29:44.000+00:00",
		"fees": [{
			"charge": {
				"percentage": 0,
				"description": "FPS Outbound Fee",
				"fixedAmount": 0.15,
				"currency": "GBP"
			},
			"transactionId": "47f4ec19-1ec4-43cf-8fab-d81824efadca",
			"totalFeeCharged": 0.15,
			"currency": "GBP"
		}]
	}, {
		"amount": 0.15,
		"transactionId": "38b425b1-6aa3-4641-987c-e0bd9e4443c1",
		"transactionReference": "RefValid",
		"transactionType": "FPS_OUTBOUND_PAYMENT_FEE",
		"balance": 49986.23,
		"availableBalance": 49986.23,
		"debitCreditCode": "DBIT",
		"transactionTypeClient": "",
		"transactionTimestamp": "2021-09-16T15:35:20.000+00:00"
	}, {
		"amount": 0.50,
		"transactionId": "44a1abd1-2ef3-41f2-9c31-36223b98b529",
		"transactionReference": "RefValid",
		"transactionType": "FPS_OUTBOUND_PAYMENT",
		"balance": 49986.23,
		"availableBalance": 49986.23,
		"debitCreditCode": "DBIT",
		"transactionTypeClient": "",
		"creditorName": "BCA C111",
		"transactionTimestamp": "2021-09-16T15:35:20.000+00:00",
		"fees": [{
			"charge": {
				"percentage": 0,
				"description": "FPS Outbound Fee",
				"fixedAmount": 0.15,
				"currency": "GBP"
			},
			"transactionId": "38b425b1-6aa3-4641-987c-e0bd9e4443c1",
			"totalFeeCharged": 0.15,
			"currency": "GBP"
		}]
	}, {
		"amount": 0.15,
		"transactionId": "3f124b2c-a287-4e01-af9a-2642d42d6043",
		"transactionReference": "RefValid",
		"transactionType": "FPS_OUTBOUND_PAYMENT_FEE",
		"balance": 49986.88,
		"availableBalance": 49986.88,
		"debitCreditCode": "DBIT",
		"transactionTypeClient": "",
		"transactionTimestamp": "2021-09-16T15:01:09.000+00:00"
	}, {
		"amount": 0.50,
		"transactionId": "ce0f16bc-2d91-46ef-8aea-4c8d4e72fa91",
		"transactionReference": "RefValid",
		"transactionType": "FPS_OUTBOUND_PAYMENT",
		"balance": 49986.88,
		"availableBalance": 49986.88,
		"debitCreditCode": "DBIT",
		"transactionTypeClient": "",
		"creditorName": "BCA C111",
		"transactionTimestamp": "2021-09-16T15:01:09.000+00:00",
		"fees": [{
			"charge": {
				"percentage": 0,
				"description": "FPS Outbound Fee",
				"fixedAmount": 0.15,
				"currency": "GBP"
			},
			"transactionId": "3f124b2c-a287-4e01-af9a-2642d42d6043",
			"totalFeeCharged": 0.15,
			"currency": "GBP"
		}]
	}, {
		"amount": 0.15,
		"transactionId": "e0202e0c-fbd6-490e-a5dc-c7e148fa3718",
		"transactionReference": "RefValid",
		"transactionType": "FPS_OUTBOUND_PAYMENT_FEE",
		"balance": 49987.53,
		"availableBalance": 49987.53,
		"debitCreditCode": "DBIT",
		"transactionTypeClient": "",
		"transactionTimestamp": "2021-09-16T13:26:27.000+00:00"
	}, {
		"amount": 0.50,
		"transactionId": "bc3f4aa9-d4aa-4fa0-9126-eed9a27088c1",
		"transactionReference": "RefValid",
		"transactionType": "FPS_OUTBOUND_PAYMENT",
		"balance": 49987.53,
		"availableBalance": 49987.53,
		"debitCreditCode": "DBIT",
		"transactionTypeClient": "",
		"creditorName": "BCA C111",
		"transactionTimestamp": "2021-09-16T13:26:27.000+00:00",
		"fees": [{
			"charge": {
				"percentage": 0,
				"description": "FPS Outbound Fee",
				"fixedAmount": 0.15,
				"currency": "GBP"
			},
			"transactionId": "e0202e0c-fbd6-490e-a5dc-c7e148fa3718",
			"totalFeeCharged": 0.15,
			"currency": "GBP"
		}]
	}, {
		"amount": 0.15,
		"transactionId": "ee0327e2-0edd-479c-959b-91c9d64dc4aa",
		"transactionReference": "RefValid",
		"transactionType": "FPS_OUTBOUND_PAYMENT_FEE",
		"balance": 49988.18,
		"availableBalance": 49988.18,
		"debitCreditCode": "DBIT",
		"transactionTypeClient": "",
		"transactionTimestamp": "2021-09-16T08:08:21.000+00:00"
	}, {
		"amount": 0.50,
		"transactionId": "645efc62-51a7-4394-a53a-d023fc6dfdbf",
		"transactionReference": "RefValid",
		"transactionType": "FPS_OUTBOUND_PAYMENT",
		"balance": 49988.18,
		"availableBalance": 49988.18,
		"debitCreditCode": "DBIT",
		"transactionTypeClient": "",
		"creditorName": "BCA C111",
		"transactionTimestamp": "2021-09-16T08:08:21.000+00:00",
		"fees": [{
			"charge": {
				"percentage": 0,
				"description": "FPS Outbound Fee",
				"fixedAmount": 0.15,
				"currency": "GBP"
			},
			"transactionId": "ee0327e2-0edd-479c-959b-91c9d64dc4aa",
			"totalFeeCharged": 0.15,
			"currency": "GBP"
		}]
	}, {
		"amount": 0.15,
		"transactionId": "fd8e1e3a-1136-470f-86ab-db282441e201",
		"transactionReference": "RefValid",
		"transactionType": "FPS_OUTBOUND_PAYMENT_FEE",
		"balance": 49988.83,
		"availableBalance": 49988.83,
		"debitCreditCode": "DBIT",
		"transactionTypeClient": "",
		"transactionTimestamp": "2021-09-16T08:05:33.000+00:00"
	}, {
		"amount": 0.50,
		"transactionId": "9b8edd76-787d-4d91-bd38-76bae6d7c716",
		"transactionReference": "RefValid",
		"transactionType": "FPS_OUTBOUND_PAYMENT",
		"balance": 49988.83,
		"availableBalance": 49988.83,
		"debitCreditCode": "DBIT",
		"transactionTypeClient": "",
		"creditorName": "BCA C111",
		"transactionTimestamp": "2021-09-16T08:05:33.000+00:00",
		"fees": [{
			"charge": {
				"percentage": 0,
				"description": "FPS Outbound Fee",
				"fixedAmount": 0.15,
				"currency": "GBP"
			},
			"transactionId": "fd8e1e3a-1136-470f-86ab-db282441e201",
			"totalFeeCharged": 0.15,
			"currency": "GBP"
		}]
	}, {
		"amount": 0.01,
		"transactionId": "aeb0ebf9-f69a-4546-a674-bebfaf695846",
		"transactionReference": "RefValid",
		"transactionType": "TRANSFER_INBOUND_PAYMENT",
		"balance": 49989.48,
		"availableBalance": 49989.48,
		"debitCreditCode": "CRDT",
		"transactionTypeClient": "",
		"counterpartyName": "OCTOBER DRIFT LTD",
		"transactionTimestamp": "2021-09-16T06:55:10.000+00:00"
	}, {
		"amount": 0.15,
		"transactionId": "701a35e0-3621-4824-b841-ba401a8acc01",
		"transactionReference": "RefValid",
		"transactionType": "FPS_OUTBOUND_PAYMENT_FEE",
		"balance": 49989.47,
		"availableBalance": 49989.47,
		"debitCreditCode": "DBIT",
		"transactionTypeClient": "",
		"transactionTimestamp": "2021-09-16T06:54:56.000+00:00"
	}, {
		"amount": 0.50,
		"transactionId": "9f3f97a9-42d4-4a9c-804c-ebdd3d85b4e3",
		"transactionReference": "RefValid",
		"transactionType": "FPS_OUTBOUND_PAYMENT",
		"balance": 49989.47,
		"availableBalance": 49989.47,
		"debitCreditCode": "DBIT",
		"transactionTypeClient": "",
		"creditorName": "BCA C111",
		"transactionTimestamp": "2021-09-16T06:54:56.000+00:00",
		"fees": [{
			"charge": {
				"percentage": 0,
				"description": "FPS Outbound Fee",
				"fixedAmount": 0.15,
				"currency": "GBP"
			},
			"transactionId": "701a35e0-3621-4824-b841-ba401a8acc01",
			"totalFeeCharged": 0.15,
			"currency": "GBP"
		}]
	}, {
		"amount": 0.50,
		"transactionId": "b40792b5-0ff9-4184-95f3-854b87360810",
		"transactionReference": "RefValid",
		"transactionType": "FPS_OUTBOUND_PAYMENT",
		"balance": 49990.12,
		"availableBalance": 49990.12,
		"debitCreditCode": "DBIT",
		"transactionTypeClient": "",
		"creditorName": "BCA C111",
		"transactionTimestamp": "2021-09-16T05:42:19.000+00:00",
		"fees": [{
			"charge": {
				"percentage": 0,
				"description": "FPS Outbound Fee",
				"fixedAmount": 0.15,
				"currency": "GBP"
			},
			"transactionId": "14de3189-6a5d-4912-ae66-1ee8a2099368",
			"totalFeeCharged": 0.15,
			"currency": "GBP"
		}]
	}, {
		"amount": 0.15,
		"transactionId": "14de3189-6a5d-4912-ae66-1ee8a2099368",
		"transactionReference": "RefValid",
		"transactionType": "FPS_OUTBOUND_PAYMENT_FEE",
		"balance": 49990.12,
		"availableBalance": 49990.12,
		"debitCreditCode": "DBIT",
		"transactionTypeClient": "",
		"transactionTimestamp": "2021-09-16T05:42:19.000+00:00"
	}, {
		"amount": 0.50,
		"transactionId": "d9e7f220-dcd7-4b39-adfe-74f949a999ca",
		"transactionReference": "RefValid",
		"transactionType": "TRANSFER_INBOUND_PAYMENT",
		"balance": 49990.77,
		"availableBalance": 49990.77,
		"debitCreditCode": "CRDT",
		"transactionTypeClient": "",
		"counterpartyName": "BLUE STARLING CONSULTANCY LIMITED",
		"transactionTimestamp": "2021-09-15T15:02:02.000+00:00"
	}, {
		"amount": 0.15,
		"transactionId": "b2d5cc78-b374-41a4-8b0f-112ea7c0ce32",
		"transactionReference": "RefValid",
		"transactionType": "FPS_OUTBOUND_PAYMENT_FEE",
		"balance": 49990.27,
		"availableBalance": 49990.27,
		"debitCreditCode": "DBIT",
		"transactionTypeClient": "",
		"transactionTimestamp": "2021-09-15T15:02:01.000+00:00"
	}, {
		"amount": 0.50,
		"transactionId": "b324b342-4144-4d32-aa13-89b7e79058f5",
		"transactionReference": "RefValid",
		"transactionType": "FPS_OUTBOUND_PAYMENT",
		"balance": 49990.27,
		"availableBalance": 49990.27,
		"debitCreditCode": "DBIT",
		"transactionTypeClient": "",
		"creditorName": "BCA C111",
		"transactionTimestamp": "2021-09-15T15:02:01.000+00:00",
		"fees": [{
			"charge": {
				"percentage": 0,
				"description": "FPS Outbound Fee",
				"fixedAmount": 0.15,
				"currency": "GBP"
			},
			"transactionId": "b2d5cc78-b374-41a4-8b0f-112ea7c0ce32",
			"totalFeeCharged": 0.15,
			"currency": "GBP"
		}]
	}, {
		"amount": 0.15,
		"transactionId": "ebc424af-2dba-409e-90e4-f391411f9fb7",
		"transactionReference": "RefValid",
		"transactionType": "FPS_OUTBOUND_PAYMENT_FEE",
		"balance": 49990.92,
		"availableBalance": 49990.92,
		"debitCreditCode": "DBIT",
		"transactionTypeClient": "",
		"transactionTimestamp": "2021-09-15T07:57:44.000+00:00"
	}, {
		"amount": 0.50,
		"transactionId": "9a96f1ef-fdc9-4fc3-a8c2-ff5466879621",
		"transactionReference": "RefValid",
		"transactionType": "FPS_OUTBOUND_PAYMENT",
		"balance": 49990.92,
		"availableBalance": 49990.92,
		"debitCreditCode": "DBIT",
		"transactionTypeClient": "",
		"creditorName": "BCA C111",
		"transactionTimestamp": "2021-09-15T07:57:44.000+00:00",
		"fees": [{
			"charge": {
				"percentage": 0,
				"description": "FPS Outbound Fee",
				"fixedAmount": 0.15,
				"currency": "GBP"
			},
			"transactionId": "ebc424af-2dba-409e-90e4-f391411f9fb7",
			"totalFeeCharged": 0.15,
			"currency": "GBP"
		}]
	}, {
		"amount": 0.15,
		"transactionId": "fcc739c1-3a73-4ccf-a953-f094060c8f92",
		"transactionReference": "RefValid",
		"transactionType": "FPS_OUTBOUND_PAYMENT_FEE",
		"balance": 49991.57,
		"availableBalance": 49991.57,
		"debitCreditCode": "DBIT",
		"transactionTypeClient": "",
		"transactionTimestamp": "2021-09-15T07:40:09.000+00:00"
	}, {
		"amount": 0.50,
		"transactionId": "bdb4ef71-ef65-4f36-8105-1b9d681d62b2",
		"transactionReference": "RefValid",
		"transactionType": "FPS_OUTBOUND_PAYMENT",
		"balance": 49991.57,
		"availableBalance": 49991.57,
		"debitCreditCode": "DBIT",
		"transactionTypeClient": "",
		"creditorName": "BCA C111",
		"transactionTimestamp": "2021-09-15T07:40:09.000+00:00",
		"fees": [{
			"charge": {
				"percentage": 0,
				"description": "FPS Outbound Fee",
				"fixedAmount": 0.15,
				"currency": "GBP"
			},
			"transactionId": "fcc739c1-3a73-4ccf-a953-f094060c8f92",
			"totalFeeCharged": 0.15,
			"currency": "GBP"
		}]
	}, {
		"amount": 0.50,
		"transactionId": "902a3d6c-607d-4828-bd99-47c5d331bbd1",
		"transactionReference": "RefValid",
		"transactionType": "TRANSFER_INBOUND_PAYMENT",
		"balance": 49992.22,
		"availableBalance": 49991.57,
		"debitCreditCode": "CRDT",
		"transactionTypeClient": "",
		"counterpartyName": "BLUE STARLING CONSULTANCY LIMITED",
		"transactionTimestamp": "2021-09-15T07:40:08.000+00:00"
	}, {
		"amount": 0.50,
		"transactionId": "ad66c6c0-8584-44e2-8eac-532bdd74c07b",
		"transactionReference": "RefValid",
		"transactionType": "TRANSFER_INBOUND_PAYMENT",
		"balance": 49991.72,
		"availableBalance": 49991.72,
		"debitCreditCode": "CRDT",
		"transactionTypeClient": "",
		"counterpartyName": "BLUE STARLING CONSULTANCY LIMITED",
		"transactionTimestamp": "2021-09-15T07:16:39.000+00:00"
	}, {
		"amount": 0.15,
		"transactionId": "3be170aa-c50b-45a0-8e40-e009bda7bd90",
		"transactionReference": "RefValid",
		"transactionType": "FPS_OUTBOUND_PAYMENT_FEE",
		"balance": 49991.22,
		"availableBalance": 49991.22,
		"debitCreditCode": "DBIT",
		"transactionTypeClient": "",
		"transactionTimestamp": "2021-09-15T07:16:38.000+00:00"
	}, {
		"amount": 0.50,
		"transactionId": "b2fa3015-c3e0-4b80-8787-028f38a41c9f",
		"transactionReference": "RefValid",
		"transactionType": "FPS_OUTBOUND_PAYMENT",
		"balance": 49991.22,
		"availableBalance": 49991.22,
		"debitCreditCode": "DBIT",
		"transactionTypeClient": "",
		"creditorName": "BCA C111",
		"transactionTimestamp": "2021-09-15T07:16:38.000+00:00",
		"fees": [{
			"charge": {
				"percentage": 0,
				"description": "FPS Outbound Fee",
				"fixedAmount": 0.15,
				"currency": "GBP"
			},
			"transactionId": "3be170aa-c50b-45a0-8e40-e009bda7bd90",
			"totalFeeCharged": 0.15,
			"currency": "GBP"
		}]
	}, {
		"amount": 0.15,
		"transactionId": "08bc010e-1a38-40d3-b6d8-36615b3e7b0a",
		"transactionReference": "RefValid",
		"transactionType": "FPS_OUTBOUND_PAYMENT_FEE",
		"balance": 49991.87,
		"availableBalance": 49991.87,
		"debitCreditCode": "DBIT",
		"transactionTypeClient": "",
		"transactionTimestamp": "2021-09-15T07:12:17.000+00:00"
	}, {
		"amount": 0.50,
		"transactionId": "7ad605a5-bf66-47b4-9666-f7ac1233a557",
		"transactionReference": "RefValid",
		"transactionType": "FPS_OUTBOUND_PAYMENT",
		"balance": 49991.87,
		"availableBalance": 49991.87,
		"debitCreditCode": "DBIT",
		"transactionTypeClient": "",
		"creditorName": "BCA C111",
		"transactionTimestamp": "2021-09-15T07:12:17.000+00:00",
		"fees": [{
			"charge": {
				"percentage": 0,
				"description": "FPS Outbound Fee",
				"fixedAmount": 0.15,
				"currency": "GBP"
			},
			"transactionId": "08bc010e-1a38-40d3-b6d8-36615b3e7b0a",
			"totalFeeCharged": 0.15,
			"currency": "GBP"
		}]
	}, {
		"amount": 0.01,
		"transactionId": "98a185a1-6b15-4e73-baa3-1128f90f88a8",
		"transactionReference": "RefValid",
		"transactionType": "TRANSFER_INBOUND_PAYMENT",
		"balance": 49992.52,
		"availableBalance": 49992.52,
		"debitCreditCode": "CRDT",
		"transactionTypeClient": "",
		"counterpartyName": "OCTOBER DRIFT LTD",
		"transactionTimestamp": "2021-09-15T06:44:21.000+00:00"
	}, {
		"amount": 0.15,
		"transactionId": "310f702a-2cf9-41ed-ad4a-a0bf5b60e7ac",
		"transactionReference": "RefValid",
		"transactionType": "FPS_OUTBOUND_PAYMENT_FEE",
		"balance": 49992.51,
		"availableBalance": 49992.51,
		"debitCreditCode": "DBIT",
		"transactionTypeClient": "",
		"transactionTimestamp": "2021-09-15T06:44:14.000+00:00"
	}, {
		"amount": 0.50,
		"transactionId": "763d4c18-79f2-4cf9-954d-388637c8a624",
		"transactionReference": "RefValid",
		"transactionType": "FPS_OUTBOUND_PAYMENT",
		"balance": 49992.51,
		"availableBalance": 49992.51,
		"debitCreditCode": "DBIT",
		"transactionTypeClient": "",
		"creditorName": "BCA C111",
		"transactionTimestamp": "2021-09-15T06:44:14.000+00:00",
		"fees": [{
			"charge": {
				"percentage": 0,
				"description": "FPS Outbound Fee",
				"fixedAmount": 0.15,
				"currency": "GBP"
			},
			"transactionId": "310f702a-2cf9-41ed-ad4a-a0bf5b60e7ac",
			"totalFeeCharged": 0.15,
			"currency": "GBP"
		}]
	}, {
		"amount": 0.01,
		"transactionId": "18101582-88bd-4ffd-b67f-f5a9da50a778",
		"transactionReference": "RefValid",
		"transactionType": "TRANSFER_INBOUND_PAYMENT",
		"balance": 49993.16,
		"availableBalance": 49993.16,
		"debitCreditCode": "CRDT",
		"transactionTypeClient": "",
		"counterpartyName": "OCTOBER DRIFT LTD",
		"transactionTimestamp": "2021-09-15T06:36:50.000+00:00"
	}, {
		"amount": 0.15,
		"transactionId": "aa5af30c-c1ce-4d88-8a27-bc1418a0d0b3",
		"transactionReference": "RefValid",
		"transactionType": "FPS_OUTBOUND_PAYMENT_FEE",
		"balance": 49993.15,
		"availableBalance": 49993.15,
		"debitCreditCode": "DBIT",
		"transactionTypeClient": "",
		"transactionTimestamp": "2021-09-15T06:36:39.000+00:00"
	}, {
		"amount": 0.50,
		"transactionId": "25d5ca8e-f34e-435f-9f4f-16b0c32352cf",
		"transactionReference": "RefValid",
		"transactionType": "FPS_OUTBOUND_PAYMENT",
		"balance": 49993.15,
		"availableBalance": 49993.15,
		"debitCreditCode": "DBIT",
		"transactionTypeClient": "",
		"creditorName": "BCA C111",
		"transactionTimestamp": "2021-09-15T06:36:39.000+00:00",
		"fees": [{
			"charge": {
				"percentage": 0,
				"description": "FPS Outbound Fee",
				"fixedAmount": 0.15,
				"currency": "GBP"
			},
			"transactionId": "aa5af30c-c1ce-4d88-8a27-bc1418a0d0b3",
			"totalFeeCharged": 0.15,
			"currency": "GBP"
		}]
	}, {
		"amount": 0.15,
		"transactionId": "0ef2b1eb-811c-433e-bb67-cde0ead77381",
		"transactionReference": "RefValid",
		"transactionType": "FPS_OUTBOUND_PAYMENT_FEE",
		"balance": 49993.80,
		"availableBalance": 49993.80,
		"debitCreditCode": "DBIT",
		"transactionTypeClient": "",
		"transactionTimestamp": "2021-09-15T06:26:42.000+00:00"
	}, {
		"amount": 0.50,
		"transactionId": "7534e846-d4d2-4f69-b6f5-395f72f13f5b",
		"transactionReference": "RefValid",
		"transactionType": "FPS_OUTBOUND_PAYMENT",
		"balance": 49993.80,
		"availableBalance": 49993.80,
		"debitCreditCode": "DBIT",
		"transactionTypeClient": "",
		"creditorName": "BCA C111",
		"transactionTimestamp": "2021-09-15T06:26:42.000+00:00",
		"fees": [{
			"charge": {
				"percentage": 0,
				"description": "FPS Outbound Fee",
				"fixedAmount": 0.15,
				"currency": "GBP"
			},
			"transactionId": "0ef2b1eb-811c-433e-bb67-cde0ead77381",
			"totalFeeCharged": 0.15,
			"currency": "GBP"
		}]
	}, {
		"amount": 0.50,
		"transactionId": "08b4f692-1f16-4c0a-835d-11f5013ec5b3",
		"transactionReference": "RefValid",
		"transactionType": "FPS_OUTBOUND_PAYMENT",
		"balance": 49994.45,
		"availableBalance": 49994.45,
		"debitCreditCode": "DBIT",
		"transactionTypeClient": "",
		"creditorName": "BCA C111",
		"transactionTimestamp": "2021-09-15T06:24:03.000+00:00",
		"fees": [{
			"charge": {
				"percentage": 0,
				"description": "FPS Outbound Fee",
				"fixedAmount": 0.15,
				"currency": "GBP"
			},
			"transactionId": "269c0578-0743-4ada-80dc-a8d87b7681bf",
			"totalFeeCharged": 0.15,
			"currency": "GBP"
		}]
	}, {
		"amount": 0.15,
		"transactionId": "269c0578-0743-4ada-80dc-a8d87b7681bf",
		"transactionReference": "RefValid",
		"transactionType": "FPS_OUTBOUND_PAYMENT_FEE",
		"balance": 49994.45,
		"availableBalance": 49994.45,
		"debitCreditCode": "DBIT",
		"transactionTypeClient": "",
		"transactionTimestamp": "2021-09-15T06:24:03.000+00:00"
	}, {
		"amount": 0.15,
		"transactionId": "57008b84-2ed5-42bc-99ef-4100f5ef6419",
		"transactionReference": "RefValid",
		"transactionType": "FPS_OUTBOUND_PAYMENT_FEE",
		"balance": 49995.10,
		"availableBalance": 49995.10,
		"debitCreditCode": "DBIT",
		"transactionTypeClient": "",
		"transactionTimestamp": "2021-09-15T06:20:03.000+00:00"
	}, {
		"amount": 0.50,
		"transactionId": "e38d23fc-5a37-4f2c-a7dd-48773cd11d4f",
		"transactionReference": "RefValid",
		"transactionType": "FPS_OUTBOUND_PAYMENT",
		"balance": 49995.10,
		"availableBalance": 49995.10,
		"debitCreditCode": "DBIT",
		"transactionTypeClient": "",
		"creditorName": "BCA C111",
		"transactionTimestamp": "2021-09-15T06:20:03.000+00:00",
		"fees": [{
			"charge": {
				"percentage": 0,
				"description": "FPS Outbound Fee",
				"fixedAmount": 0.15,
				"currency": "GBP"
			},
			"transactionId": "57008b84-2ed5-42bc-99ef-4100f5ef6419",
			"totalFeeCharged": 0.15,
			"currency": "GBP"
		}]
	}, {
		"amount": 0.15,
		"transactionId": "7cd1c32a-fa7d-429e-9d25-bb96ab9dae43",
		"transactionReference": "RefValid",
		"transactionType": "FPS_OUTBOUND_PAYMENT_FEE",
		"balance": 49995.75,
		"availableBalance": 49995.75,
		"debitCreditCode": "DBIT",
		"transactionTypeClient": "",
		"transactionTimestamp": "2021-09-15T06:15:23.000+00:00"
	}, {
		"amount": 0.50,
		"transactionId": "635fb647-73da-4495-bb66-d01ce408b300",
		"transactionReference": "RefValid",
		"transactionType": "FPS_OUTBOUND_PAYMENT",
		"balance": 49995.75,
		"availableBalance": 49995.75,
		"debitCreditCode": "DBIT",
		"transactionTypeClient": "",
		"creditorName": "BCA C111",
		"transactionTimestamp": "2021-09-15T06:15:23.000+00:00",
		"fees": [{
			"charge": {
				"percentage": 0,
				"description": "FPS Outbound Fee",
				"fixedAmount": 0.15,
				"currency": "GBP"
			},
			"transactionId": "7cd1c32a-fa7d-429e-9d25-bb96ab9dae43",
			"totalFeeCharged": 0.15,
			"currency": "GBP"
		}]
	}, {
		"amount": 0.15,
		"transactionId": "4939e8f0-b956-4011-97e0-21bb397176cf",
		"transactionReference": "RefValid",
		"transactionType": "FPS_OUTBOUND_PAYMENT_FEE",
		"balance": 49996.40,
		"availableBalance": 49996.40,
		"debitCreditCode": "DBIT",
		"transactionTypeClient": "",
		"transactionTimestamp": "2021-09-15T06:03:09.000+00:00"
	}, {
		"amount": 0.50,
		"transactionId": "6adf821d-32a9-4a0a-abdf-f5bb47c681fb",
		"transactionReference": "RefValid",
		"transactionType": "FPS_OUTBOUND_PAYMENT",
		"balance": 49996.40,
		"availableBalance": 49996.40,
		"debitCreditCode": "DBIT",
		"transactionTypeClient": "",
		"creditorName": "BCA C111",
		"transactionTimestamp": "2021-09-15T06:03:09.000+00:00",
		"fees": [{
			"charge": {
				"percentage": 0,
				"description": "FPS Outbound Fee",
				"fixedAmount": 0.15,
				"currency": "GBP"
			},
			"transactionId": "4939e8f0-b956-4011-97e0-21bb397176cf",
			"totalFeeCharged": 0.15,
			"currency": "GBP"
		}]
	}, {
		"amount": 0.50,
		"transactionId": "77296ace-8101-4f15-96e9-ccd33a185223",
		"transactionReference": "RefValid",
		"transactionType": "TRANSFER_INBOUND_PAYMENT",
		"balance": 49997.05,
		"availableBalance": 49997.05,
		"debitCreditCode": "CRDT",
		"transactionTypeClient": "",
		"counterpartyName": "BLUE STARLING CONSULTANCY LIMITED",
		"transactionTimestamp": "2021-09-15T05:56:50.000+00:00"
	}, {
		"amount": 0.15,
		"transactionId": "70b3f581-b155-49c7-a999-4193ed359d7b",
		"transactionReference": "RefValid",
		"transactionType": "FPS_OUTBOUND_PAYMENT_FEE",
		"balance": 49996.55,
		"availableBalance": 49996.55,
		"debitCreditCode": "DBIT",
		"transactionTypeClient": "",
		"transactionTimestamp": "2021-09-15T05:56:49.000+00:00"
	}, {
		"amount": 0.50,
		"transactionId": "bba8dda6-6049-443d-b4c7-99e7eaea8da4",
		"transactionReference": "RefValid",
		"transactionType": "FPS_OUTBOUND_PAYMENT",
		"balance": 49996.55,
		"availableBalance": 49996.55,
		"debitCreditCode": "DBIT",
		"transactionTypeClient": "",
		"creditorName": "BCA C111",
		"transactionTimestamp": "2021-09-15T05:56:49.000+00:00",
		"fees": [{
			"charge": {
				"percentage": 0,
				"description": "FPS Outbound Fee",
				"fixedAmount": 0.15,
				"currency": "GBP"
			},
			"transactionId": "70b3f581-b155-49c7-a999-4193ed359d7b",
			"totalFeeCharged": 0.15,
			"currency": "GBP"
		}]
	}, {
		"amount": 0.50,
		"transactionId": "57cd9e8a-9dcd-4d16-886b-a72fa0c6635a",
		"transactionReference": "RefValid",
		"transactionType": "TRANSFER_INBOUND_PAYMENT",
		"balance": 49997.20,
		"availableBalance": 49997.20,
		"debitCreditCode": "CRDT",
		"transactionTypeClient": "",
		"counterpartyName": "BLUE STARLING CONSULTANCY LIMITED",
		"transactionTimestamp": "2021-09-15T05:52:04.000+00:00"
	}, {
		"amount": 0.15,
		"transactionId": "f7a09829-ebe3-4fd1-9c99-92fa0bf850ce",
		"transactionReference": "RefValid",
		"transactionType": "FPS_OUTBOUND_PAYMENT_FEE",
		"balance": 49996.70,
		"availableBalance": 49996.70,
		"debitCreditCode": "DBIT",
		"transactionTypeClient": "",
		"transactionTimestamp": "2021-09-15T05:52:03.000+00:00"
	}, {
		"amount": 0.50,
		"transactionId": "c5491926-3bf9-4e87-8730-cab497c524cc",
		"transactionReference": "RefValid",
		"transactionType": "FPS_OUTBOUND_PAYMENT",
		"balance": 49996.70,
		"availableBalance": 49996.70,
		"debitCreditCode": "DBIT",
		"transactionTypeClient": "",
		"creditorName": "BCA C111",
		"transactionTimestamp": "2021-09-15T05:52:03.000+00:00",
		"fees": [{
			"charge": {
				"percentage": 0,
				"description": "FPS Outbound Fee",
				"fixedAmount": 0.15,
				"currency": "GBP"
			},
			"transactionId": "f7a09829-ebe3-4fd1-9c99-92fa0bf850ce",
			"totalFeeCharged": 0.15,
			"currency": "GBP"
		}]
	}, {
		"amount": 0.50,
		"transactionId": "1ab94edb-52f8-4417-8a83-b68af432b098",
		"transactionReference": "RefValid",
		"transactionType": "TRANSFER_INBOUND_PAYMENT",
		"balance": 49997.35,
		"availableBalance": 49997.35,
		"debitCreditCode": "CRDT",
		"transactionTypeClient": "",
		"counterpartyName": "BLUE STARLING CONSULTANCY LIMITED",
		"transactionTimestamp": "2021-09-15T04:33:41.000+00:00"
	}, {
		"amount": 0.15,
		"transactionId": "847846cf-36c5-4aea-9f16-2854ae148e54",
		"transactionReference": "RefValid",
		"transactionType": "FPS_OUTBOUND_PAYMENT_FEE",
		"balance": 49996.85,
		"availableBalance": 49996.85,
		"debitCreditCode": "DBIT",
		"transactionTypeClient": "",
		"transactionTimestamp": "2021-09-15T04:33:40.000+00:00"
	}, {
		"amount": 0.50,
		"transactionId": "630d2c77-a7c2-4481-8d04-526955b2bf22",
		"transactionReference": "RefValid",
		"transactionType": "FPS_OUTBOUND_PAYMENT",
		"balance": 49996.85,
		"availableBalance": 49996.85,
		"debitCreditCode": "DBIT",
		"transactionTypeClient": "",
		"creditorName": "BCA C111",
		"transactionTimestamp": "2021-09-15T04:33:40.000+00:00",
		"fees": [{
			"charge": {
				"percentage": 0,
				"description": "FPS Outbound Fee",
				"fixedAmount": 0.15,
				"currency": "GBP"
			},
			"transactionId": "847846cf-36c5-4aea-9f16-2854ae148e54",
			"totalFeeCharged": 0.15,
			"currency": "GBP"
		}]
	}, {
		"amount": 0.50,
		"transactionId": "203b7bc3-4789-49a7-8c37-1cca1977a8e3",
		"transactionReference": "RefValid",
		"transactionType": "TRANSFER_INBOUND_PAYMENT",
		"balance": 49997.50,
		"availableBalance": 49997.50,
		"debitCreditCode": "CRDT",
		"transactionTypeClient": "",
		"counterpartyName": "BLUE STARLING CONSULTANCY LIMITED",
		"transactionTimestamp": "2021-09-14T15:01:43.000+00:00"
	}, {
		"amount": 0.50,
		"transactionId": "62063e81-51d0-4a17-801d-fe961d08a486",
		"transactionReference": "RefValid",
		"transactionType": "TRANSFER_INBOUND_PAYMENT",
		"balance": 49997.50,
		"availableBalance": 49997.50,
		"debitCreditCode": "CRDT",
		"transactionTypeClient": "",
		"counterpartyName": "BLUE STARLING CONSULTANCY LIMITED",
		"transactionTimestamp": "2021-09-14T15:01:43.000+00:00"
	}, {
		"amount": 0.15,
		"transactionId": "cd75077d-f8b4-473b-a925-8cb383f86fa9",
		"transactionReference": "RefValid",
		"transactionType": "FPS_OUTBOUND_PAYMENT_FEE",
		"balance": 49996.50,
		"availableBalance": 49996.50,
		"debitCreditCode": "DBIT",
		"transactionTypeClient": "",
		"transactionTimestamp": "2021-09-14T15:01:42.000+00:00"
	}, {
		"amount": 0.50,
		"transactionId": "97aec40b-355f-41e1-b549-8a6201a44ae2",
		"transactionReference": "RefValid",
		"transactionType": "FPS_OUTBOUND_PAYMENT",
		"balance": 49996.50,
		"availableBalance": 49996.50,
		"debitCreditCode": "DBIT",
		"transactionTypeClient": "",
		"creditorName": "BCA C111",
		"transactionTimestamp": "2021-09-14T15:01:42.000+00:00",
		"fees": [{
			"charge": {
				"percentage": 0,
				"description": "FPS Outbound Fee",
				"fixedAmount": 0.15,
				"currency": "GBP"
			},
			"transactionId": "cd75077d-f8b4-473b-a925-8cb383f86fa9",
			"totalFeeCharged": 0.15,
			"currency": "GBP"
		}]
	}, {
		"amount": 0.15,
		"transactionId": "dd43ce5b-77a1-43c9-94ad-45c763fac04f",
		"transactionReference": "RefValid",
		"transactionType": "FPS_OUTBOUND_PAYMENT_FEE",
		"balance": 49997.15,
		"availableBalance": 49997.15,
		"debitCreditCode": "DBIT",
		"transactionTypeClient": "",
		"transactionTimestamp": "2021-09-14T07:19:59.000+00:00"
	}, {
		"amount": 0.50,
		"transactionId": "9303ddcc-e95b-4641-b0e8-bc4d5e08859b",
		"transactionReference": "RefValid",
		"transactionType": "FPS_OUTBOUND_PAYMENT",
		"balance": 49997.15,
		"availableBalance": 49997.15,
		"debitCreditCode": "DBIT",
		"transactionTypeClient": "",
		"creditorName": "BCA C111",
		"transactionTimestamp": "2021-09-14T07:19:59.000+00:00",
		"fees": [{
			"charge": {
				"percentage": 0,
				"description": "FPS Outbound Fee",
				"fixedAmount": 0.15,
				"currency": "GBP"
			},
			"transactionId": "dd43ce5b-77a1-43c9-94ad-45c763fac04f",
			"totalFeeCharged": 0.15,
			"currency": "GBP"
		}]
	}, {
		"amount": 0.50,
		"transactionId": "a103e81a-2e82-407e-a899-d1506367894a",
		"transactionReference": "RefValid",
		"transactionType": "TRANSFER_INBOUND_PAYMENT",
		"balance": 49997.80,
		"availableBalance": 49997.80,
		"debitCreditCode": "CRDT",
		"transactionTypeClient": "",
		"counterpartyName": "BLUE STARLING CONSULTANCY LIMITED",
		"transactionTimestamp": "2021-09-14T06:48:35.000+00:00"
	}, {
		"amount": 0.15,
		"transactionId": "d6ae2266-5892-4b1d-b0ed-13e833f081ae",
		"transactionReference": "RefValid",
		"transactionType": "FPS_OUTBOUND_PAYMENT_FEE",
		"balance": 49997.30,
		"availableBalance": 49997.30,
		"debitCreditCode": "DBIT",
		"transactionTypeClient": "",
		"transactionTimestamp": "2021-09-14T06:48:34.000+00:00"
	}, {
		"amount": 0.50,
		"transactionId": "7226948f-841b-47e2-b976-9b2df12dc7c7",
		"transactionReference": "RefValid",
		"transactionType": "FPS_OUTBOUND_PAYMENT",
		"balance": 49997.30,
		"availableBalance": 49997.30,
		"debitCreditCode": "DBIT",
		"transactionTypeClient": "",
		"creditorName": "BCA C111",
		"transactionTimestamp": "2021-09-14T06:48:34.000+00:00",
		"fees": [{
			"charge": {
				"percentage": 0,
				"description": "FPS Outbound Fee",
				"fixedAmount": 0.15,
				"currency": "GBP"
			},
			"transactionId": "d6ae2266-5892-4b1d-b0ed-13e833f081ae",
			"totalFeeCharged": 0.15,
			"currency": "GBP"
		}]
	}, {
		"amount": 0.50,
		"transactionId": "036702a5-8f8b-4b8b-8279-fb26cd8de65a",
		"transactionReference": "RefValid",
		"transactionType": "TRANSFER_INBOUND_PAYMENT",
		"balance": 49997.95,
		"availableBalance": 49997.95,
		"debitCreditCode": "CRDT",
		"transactionTypeClient": "",
		"counterpartyName": "BLUE STARLING CONSULTANCY LIMITED",
		"transactionTimestamp": "2021-09-14T06:43:53.000+00:00"
	}, {
		"amount": 0.15,
		"transactionId": "fb439704-3edf-4379-a128-7382341dc1e6",
		"transactionReference": "RefValid",
		"transactionType": "FPS_OUTBOUND_PAYMENT_FEE",
		"balance": 49997.45,
		"availableBalance": 49997.45,
		"debitCreditCode": "DBIT",
		"transactionTypeClient": "",
		"transactionTimestamp": "2021-09-14T06:43:52.000+00:00"
	}, {
		"amount": 0.50,
		"transactionId": "58bf4472-1016-421b-9e53-d95351b38a0d",
		"transactionReference": "RefValid",
		"transactionType": "FPS_OUTBOUND_PAYMENT",
		"balance": 49997.45,
		"availableBalance": 49997.45,
		"debitCreditCode": "DBIT",
		"transactionTypeClient": "",
		"creditorName": "BCA C111",
		"transactionTimestamp": "2021-09-14T06:43:52.000+00:00",
		"fees": [{
			"charge": {
				"percentage": 0,
				"description": "FPS Outbound Fee",
				"fixedAmount": 0.15,
				"currency": "GBP"
			},
			"transactionId": "fb439704-3edf-4379-a128-7382341dc1e6",
			"totalFeeCharged": 0.15,
			"currency": "GBP"
		}]
	}, {
		"amount": 0.50,
		"transactionId": "e9249e83-9d8b-4448-a426-b5664a8f6bbb",
		"transactionReference": "RefValid",
		"transactionType": "TRANSFER_INBOUND_PAYMENT",
		"balance": 49998.10,
		"availableBalance": 49998.10,
		"debitCreditCode": "CRDT",
		"transactionTypeClient": "",
		"counterpartyName": "BLUE STARLING CONSULTANCY LIMITED",
		"transactionTimestamp": "2021-09-13T15:32:05.000+00:00"
	}, {
		"amount": 0.15,
		"transactionId": "c8ab6555-3c02-4a8d-9b92-66d5066c35a9",
		"transactionReference": "RefValid",
		"transactionType": "FPS_OUTBOUND_PAYMENT_FEE",
		"balance": 49997.60,
		"availableBalance": 49997.60,
		"debitCreditCode": "DBIT",
		"transactionTypeClient": "",
		"transactionTimestamp": "2021-09-13T15:32:04.000+00:00"
	}, {
		"amount": 0.50,
		"transactionId": "7898cfdf-bd6b-4f4a-a154-0edee64e8ed6",
		"transactionReference": "RefValid",
		"transactionType": "FPS_OUTBOUND_PAYMENT",
		"balance": 49997.60,
		"availableBalance": 49997.60,
		"debitCreditCode": "DBIT",
		"transactionTypeClient": "",
		"creditorName": "BCA C111",
		"transactionTimestamp": "2021-09-13T15:32:04.000+00:00",
		"fees": [{
			"charge": {
				"percentage": 0,
				"description": "FPS Outbound Fee",
				"fixedAmount": 0.15,
				"currency": "GBP"
			},
			"transactionId": "c8ab6555-3c02-4a8d-9b92-66d5066c35a9",
			"totalFeeCharged": 0.15,
			"currency": "GBP"
		}]
	}, {
		"amount": 0.50,
		"transactionId": "70d7a801-609e-484f-b0cb-eba98cf971cd",
		"transactionReference": "RefValid",
		"transactionType": "TRANSFER_INBOUND_PAYMENT",
		"balance": 49998.25,
		"availableBalance": 49998.25,
		"debitCreditCode": "CRDT",
		"transactionTypeClient": "",
		"counterpartyName": "BLUE STARLING CONSULTANCY LIMITED",
		"transactionTimestamp": "2021-09-13T15:26:41.000+00:00"
	}, {
		"amount": 0.50,
		"transactionId": "316204da-267e-4629-b91a-1b36c6338adb",
		"transactionReference": "RefValid",
		"transactionType": "FPS_OUTBOUND_PAYMENT",
		"balance": 49997.75,
		"availableBalance": 49997.75,
		"debitCreditCode": "DBIT",
		"transactionTypeClient": "",
		"creditorName": "BCA C111",
		"transactionTimestamp": "2021-09-13T15:26:40.000+00:00",
		"fees": [{
			"charge": {
				"percentage": 0,
				"description": "FPS Outbound Fee",
				"fixedAmount": 0.15,
				"currency": "GBP"
			},
			"transactionId": "70c1d856-d9c0-4d2e-b5c9-58f8c3868006",
			"totalFeeCharged": 0.15,
			"currency": "GBP"
		}]
	}, {
		"amount": 0.15,
		"transactionId": "70c1d856-d9c0-4d2e-b5c9-58f8c3868006",
		"transactionReference": "RefValid",
		"transactionType": "FPS_OUTBOUND_PAYMENT_FEE",
		"balance": 49997.75,
		"availableBalance": 49997.75,
		"debitCreditCode": "DBIT",
		"transactionTypeClient": "",
		"transactionTimestamp": "2021-09-13T15:26:40.000+00:00"
	}, {
		"amount": 0.50,
		"transactionId": "9a546f23-53fd-4e99-9678-3295da93ea7a",
		"transactionReference": "RefValid",
		"transactionType": "TRANSFER_INBOUND_PAYMENT",
		"balance": 49998.40,
		"availableBalance": 49998.40,
		"debitCreditCode": "CRDT",
		"transactionTypeClient": "",
		"counterpartyName": "BLUE STARLING CONSULTANCY LIMITED",
		"transactionTimestamp": "2021-09-13T15:24:02.000+00:00"
	}, {
		"amount": 0.15,
		"transactionId": "0d57a89d-bd49-4cb2-9f0c-c8a187a88b77",
		"transactionReference": "RefValid",
		"transactionType": "FPS_OUTBOUND_PAYMENT_FEE",
		"balance": 49997.90,
		"availableBalance": 49997.90,
		"debitCreditCode": "DBIT",
		"transactionTypeClient": "",
		"transactionTimestamp": "2021-09-13T15:24:01.000+00:00"
	}, {
		"amount": 0.50,
		"transactionId": "f78d5ad6-f212-4080-b9f1-7389e075ba48",
		"transactionReference": "RefValid",
		"transactionType": "FPS_OUTBOUND_PAYMENT",
		"balance": 49997.90,
		"availableBalance": 49997.90,
		"debitCreditCode": "DBIT",
		"transactionTypeClient": "",
		"creditorName": "BCA C111",
		"transactionTimestamp": "2021-09-13T15:24:01.000+00:00",
		"fees": [{
			"charge": {
				"percentage": 0,
				"description": "FPS Outbound Fee",
				"fixedAmount": 0.15,
				"currency": "GBP"
			},
			"transactionId": "0d57a89d-bd49-4cb2-9f0c-c8a187a88b77",
			"totalFeeCharged": 0.15,
			"currency": "GBP"
		}]
	}, {
		"amount": 0.15,
		"transactionId": "7d51bd5b-6f62-468c-9bb1-0f258f9a84e2",
		"transactionReference": "RefValid",
		"transactionType": "FPS_OUTBOUND_PAYMENT_FEE",
		"balance": 49997.90,
		"availableBalance": 49997.90,
		"debitCreditCode": "DBIT",
		"transactionTypeClient": "",
		"transactionTimestamp": "2021-09-13T15:24:01.000+00:00"
	}, {
		"amount": 0.50,
		"transactionId": "45656c83-1074-4fab-82bc-70e07759ddbe",
		"transactionReference": "RefValid",
		"transactionType": "FPS_OUTBOUND_PAYMENT",
		"balance": 49997.90,
		"availableBalance": 49997.90,
		"debitCreditCode": "DBIT",
		"transactionTypeClient": "",
		"creditorName": "BCA C111",
		"transactionTimestamp": "2021-09-13T15:24:01.000+00:00",
		"fees": [{
			"charge": {
				"percentage": 0,
				"description": "FPS Outbound Fee",
				"fixedAmount": 0.15,
				"currency": "GBP"
			},
			"transactionId": "7d51bd5b-6f62-468c-9bb1-0f258f9a84e2",
			"totalFeeCharged": 0.15,
			"currency": "GBP"
		}]
	}, {
		"amount": 0.50,
		"transactionId": "0beddf25-390f-48d5-b51e-882f13474c03",
		"transactionReference": "RefValid",
		"transactionType": "TRANSFER_INBOUND_PAYMENT",
		"balance": 49999.20,
		"availableBalance": 49998.55,
		"debitCreditCode": "CRDT",
		"transactionTypeClient": "",
		"counterpartyName": "BLUE STARLING CONSULTANCY LIMITED",
		"transactionTimestamp": "2021-09-13T15:05:25.000+00:00"
	}, {
		"amount": 0.15,
		"transactionId": "db479ed2-e3fd-449f-8ffd-0324988ee460",
		"transactionReference": "RefValid",
		"transactionType": "FPS_OUTBOUND_PAYMENT_FEE",
		"balance": 49998.70,
		"availableBalance": 49998.70,
		"debitCreditCode": "DBIT",
		"transactionTypeClient": "",
		"transactionTimestamp": "2021-09-13T15:01:19.000+00:00"
	}, {
		"amount": 0.50,
		"transactionId": "bafa301e-9c9f-42cc-984f-20fb96c0e335",
		"transactionReference": "RefValid",
		"transactionType": "FPS_OUTBOUND_PAYMENT",
		"balance": 49998.70,
		"availableBalance": 49998.70,
		"debitCreditCode": "DBIT",
		"transactionTypeClient": "",
		"creditorName": "BCA C111",
		"transactionTimestamp": "2021-09-13T15:01:19.000+00:00",
		"fees": [{
			"charge": {
				"percentage": 0,
				"description": "FPS Outbound Fee",
				"fixedAmount": 0.15,
				"currency": "GBP"
			},
			"transactionId": "db479ed2-e3fd-449f-8ffd-0324988ee460",
			"totalFeeCharged": 0.15,
			"currency": "GBP"
		}]
	}, {
		"amount": 0.50,
		"transactionId": "ecae8105-8a75-4f0b-a4e1-a1b5b6324279",
		"transactionReference": "RefValid",
		"transactionType": "TRANSFER_INBOUND_PAYMENT",
		"balance": 49999.35,
		"availableBalance": 49998.70,
		"debitCreditCode": "CRDT",
		"transactionTypeClient": "",
		"counterpartyName": "BLUE STARLING CONSULTANCY LIMITED",
		"transactionTimestamp": "2021-09-13T15:01:18.000+00:00"
	}, {
		"amount": 0.15,
		"transactionId": "d5296cfc-880b-4f7a-9649-08dece259878",
		"transactionReference": "Ref1",
		"transactionType": "FPS_OUTBOUND_PAYMENT_FEE",
		"balance": 49998.85,
		"availableBalance": 49998.85,
		"debitCreditCode": "DBIT",
		"transactionTypeClient": "",
		"transactionTimestamp": "2021-09-13T08:53:24.000+00:00"
	}, {
		"amount": 1.00,
		"transactionId": "fcccf484-88e6-42c4-a515-5d7176552243",
		"transactionReference": "Ref1",
		"transactionType": "FPS_OUTBOUND_PAYMENT",
		"balance": 49998.85,
		"availableBalance": 49998.85,
		"debitCreditCode": "DBIT",
		"transactionTypeClient": "",
		"creditorName": "BCA C111",
		"transactionTimestamp": "2021-09-13T08:53:24.000+00:00",
		"fees": [{
			"charge": {
				"percentage": 0,
				"description": "FPS Outbound Fee",
				"fixedAmount": 0.15,
				"currency": "GBP"
			},
			"transactionId": "d5296cfc-880b-4f7a-9649-08dece259878",
			"totalFeeCharged": 0.15,
			"currency": "GBP"
		}]
	}, {
		"amount": 50000.00,
		"transactionId": "046d2f68-8336-45a6-9010-078a8d35ddc8",
		"transactionReference": "Initial funds",
		"transactionType": "FPS_INBOUND_PAYMENT",
		"balance": 50000.00,
		"availableBalance": 50000.00,
		"debitCreditCode": "CRDT",
		"transactionTypeClient": "",
		"counterpartyName": "BoE",
		"transactionTimestamp": "2021-09-06T11:20:45.000+00:00"
	}],
	"records": {
		"totalRecords": 188,
		"pageNumber": 2,
		"pageSize": 100
	}
}