{
  "project_info": {
    "project_number": "1019347436019",
    "project_id": "daily-dairy-products",
    "storage_bucket": "daily-dairy-products.appspot.com"
  },
  "client": [
    {
      "client_info": {
        "mobilesdk_app_id": "1:1019347436019:android:932ab7152339f8ebf79286",
        "android_client_info": {
          "package_name": "com.prashantdev.dailydairyproducts"
        }
      },
      "oauth_client": [],
      "api_key": [
        {
          "current_key": "AIzaSyCP8LASizMTcOrJ7lEzkY5W1yp8_FJOXYM"
        }
      ],
      "services": {
        "appinvite_service": {
          "other_platform_oauth_client": []
        }
      }
    }
  ],
  "configuration_version": "1"
}