{
    "records": {
        "pageNumber": 2,
        "pageSize": 500,
        "totalRecords": 3
    },
    "payments": [
        {
            "amount": 123.33,
            "id": "idHere-21",
            "payeeId": "payeeId-21",
            "reference": "reference-21",
            "schedule": {
                "endDate": "2030-03-18",
                "frequency": "ANNUALLY",
                "startDate": "2021-03-18"
            },
            "walletId": "walletId-21"
        },
        {
            "amount": 32.33,
            "id": "idHere-22",
            "payeeId": "payeeId-22",
            "reference": "reference-22",
            "schedule": {
                "endDate": "2030-03-18",
                "frequency": "MONTHLY",
                "startDate": "2021-03-18"
            },
            "walletId": "walletId-22"
        },
        {
            "amount": 10.22,
            "id": "idHere-23",
            "payeeId": "payeeId-23",
            "reference": "reference-23",
            "schedule": {
                "endDate": "2030-03-18",
                "frequency": "DAILY",
                "startDate": "2021-03-18"
            },
            "walletId": "walletId-23"
        }
    ]
}