{
  "project_info": {
    "project_number": "675242179915",
    "project_id": "userdata-form",
    "storage_bucket": "userdata-form.appspot.com"
  },
  "client": [
    {
      "client_info": {
        "mobilesdk_app_id": "1:675242179915:android:e2c17dbac8478e21b8fcce",
        "android_client_info": {
          "package_name": "com.prashant.userform"
        }
      },
      "oauth_client": [],
      "api_key": [
        {
          "current_key": "AIzaSyB8-OFJCz_xTJnGaGmuDNCJKoVn4qvmj0k"
        }
      ],
      "services": {
        "appinvite_service": {
          "other_platform_oauth_client": []
        }
      }
    }
  ],
  "configuration_version": "1"
}